id,school_name,state,school_type,grade_level,funding_per_student_usd,avg_test_score_percent,student_teacher_ratio,percent_low_income,percent_minority,internet_access_percent,dropout_rate_percent
1,Bowman High School,Michigan,Private,High,9575.8,65.9,17.5,30.0,44.0,74.1,3.44
2,Foster High School,Michigan,Charter,Middle,16733.1,87.3,24.2,93.5,40.1,79.9,8.67
3,Henson High School,New York,Public,Middle,24890.74,72.8,27.0,58.1,35.8,51.1,14.75
4,Weaver High School,Texas,Private,Elementary,6857.49,81.5,26.2,82.7,72.0,55.5,13.45
5,King Elementary School,Michigan,Public,Elementary,16910.73,44.7,20.2,41.4,16.1,57.8,6.98
6,Olson Elementary School,Pennsylvania,Private,Elementary,14930.51,46.3,26.8,64.5,12.6,70.1,11.95
7,Williams Middle School,Georgia,Public,Middle,15914.06,84.8,28.4,30.1,76.8,63.0,7.0
8,Boyd High School,Georgia,Private,High,24162.52,66.9,23.4,66.2,33.9,90.4,8.54
9,Fox Middle School,New York,Charter,High,6962.53,69.4,11.5,15.7,48.6,98.1,7.19
10,Garcia High School,New York,Charter,Middle,19092.17,68.6,14.9,89.3,94.3,54.9,1.62
11,Lucero Middle School,Georgia,Private,High,6285.37,66.8,12.7,77.7,40.7,73.1,13.99
12,Cline Middle School,Illinois,Charter,Middle,14346.55,74.6,23.7,26.2,25.4,97.5,7.14
13,Smith High School,California,Public,High,22343.11,59.4,13.9,61.8,13.7,88.3,8.66
14,Acosta Middle School,New York,Charter,Elementary,10266.69,56.3,10.1,74.3,51.2,96.1,5.68
15,Luna Elementary School,North Carolina,Private,Middle,10802.16,52.3,28.4,63.3,64.5,65.4,6.37
16,Mccann High School,Illinois,Private,High,13292.01,47.4,26.7,92.7,20.0,66.6,9.44
17,Allen High School,Michigan,Charter,Elementary,23644.5,94.4,26.7,40.4,72.3,77.4,8.56
18,Salinas High School,Texas,Public,Middle,18044.06,71.7,25.7,54.7,58.7,88.1,9.96
19,Morris High School,Pennsylvania,Private,Elementary,7851.38,97.9,21.9,82.1,53.5,63.5,1.11
20,Townsend Middle School,Pennsylvania,Public,Elementary,13440.79,46.2,16.8,75.1,19.2,85.9,5.7
21,Moss Elementary School,Michigan,Charter,Elementary,17500.61,45.0,18.8,37.7,80.3,95.1,4.48
22,Johnson Elementary School,Georgia,Public,Elementary,9020.39,48.0,14.0,37.6,36.4,72.4,1.95
23,Ward Middle School,Georgia,Private,Elementary,7094.65,57.2,25.4,53.6,42.5,65.4,5.51
24,Chan Middle School,Michigan,Private,Middle,8923.15,54.5,14.8,58.0,87.4,60.3,9.27
25,Foley Elementary School,Texas,Private,Middle,20187.31,77.5,27.7,63.8,14.3,57.9,11.36
26,Vang Elementary School,Illinois,Public,Middle,15223.64,56.2,18.7,34.7,39.8,54.5,3.48
27,Johnson High School,Texas,Public,High,21981.75,43.5,25.4,93.7,49.8,59.2,11.23
28,West Middle School,Georgia,Private,High,10043.98,47.0,13.1,91.4,23.7,68.5,2.17
29,Gray Elementary School,Georgia,Private,High,12912.16,54.2,24.4,60.9,33.0,61.8,14.92
30,Gonzales Elementary School,Texas,Public,Middle,23559.56,93.5,17.4,37.8,27.1,87.4,0.74
31,Reed High School,New York,Charter,Middle,15304.77,57.2,21.2,10.8,32.4,76.7,14.3
32,Rodriguez High School,Pennsylvania,Public,High,7989.19,77.4,14.4,57.9,87.3,89.4,12.16
33,Wilson High School,Georgia,Charter,High,19374.92,89.5,19.2,82.5,30.7,65.3,1.03
34,Barker Middle School,North Carolina,Private,Elementary,18227.52,48.1,22.0,27.1,73.9,56.3,3.23
35,Sanchez Elementary School,Illinois,Private,Elementary,14938.49,88.8,28.7,90.7,60.1,89.3,10.88
36,Mendoza High School,Illinois,Public,High,13059.74,78.2,14.8,80.5,44.7,93.2,9.95
37,Chambers Elementary School,Georgia,Public,Elementary,17312.81,59.1,11.2,61.9,69.5,79.8,14.27
38,Anderson Middle School,California,Charter,Elementary,9326.02,87.3,16.7,74.3,49.5,67.5,13.32
39,Wallace Middle School,North Carolina,Charter,Middle,19531.96,67.0,26.0,28.1,19.7,74.8,1.86
40,Morales Middle School,Georgia,Private,Middle,10648.17,97.7,19.5,93.6,10.2,65.8,8.88
41,Rodriguez High School,Pennsylvania,Private,High,19522.7,84.3,12.0,91.1,12.1,73.1,3.76
42,Harrington Middle School,California,Public,Elementary,8089.92,82.0,27.5,60.7,39.3,57.8,4.03
43,Moore Middle School,Georgia,Charter,Middle,8623.83,96.1,13.1,93.6,19.8,67.6,12.21
44,Nelson High School,California,Charter,High,9240.59,52.7,14.7,34.6,84.0,97.0,6.45
45,Zamora High School,Pennsylvania,Private,High,5025.47,44.7,17.9,54.8,31.3,67.2,4.68
46,Stevenson Middle School,California,Charter,High,14815.59,75.2,12.5,14.4,92.1,99.0,0.54
47,Bruce High School,Georgia,Charter,Elementary,7032.22,61.6,22.0,87.8,9.4,71.3,6.16
48,Wilson Elementary School,Ohio,Public,Elementary,11139.07,64.2,19.6,66.3,15.1,72.4,0.61
49,Lang Elementary School,California,Private,Elementary,21910.63,82.7,20.4,25.7,64.5,70.0,13.28
50,Davis Elementary School,Florida,Charter,Middle,8712.23,97.1,28.5,54.1,78.7,80.1,12.59
51,Young Middle School,Michigan,Private,Middle,10993.24,90.6,17.0,61.3,17.9,57.3,11.72
52,Harris Elementary School,Ohio,Private,Middle,23247.72,59.8,16.2,12.1,64.6,60.8,7.8
53,Anderson Middle School,North Carolina,Public,Middle,18681.54,99.9,10.0,87.7,25.6,79.9,11.4
54,Pearson High School,California,Private,Middle,12555.39,87.5,28.7,79.1,50.4,76.2,13.01
55,Petersen Middle School,New York,Private,High,21626.14,75.5,18.1,81.7,50.7,90.9,14.17
56,Mann Elementary School,Texas,Private,Middle,7857.37,52.3,16.0,83.1,93.0,54.0,6.63
57,Vincent High School,Florida,Private,Elementary,8653.6,48.8,17.2,33.1,69.6,54.9,11.48
58,Campbell Elementary School,Pennsylvania,Charter,Middle,17500.22,41.7,13.8,43.5,93.5,88.6,12.51
59,Dickerson Middle School,Ohio,Public,Middle,7090.83,97.8,12.3,79.1,73.7,63.9,14.81
60,Williamson Middle School,Florida,Charter,High,18628.55,54.8,13.6,72.5,83.8,73.3,2.4
61,King Elementary School,Illinois,Public,Elementary,11599.39,53.1,15.1,89.1,17.7,61.9,14.16
62,Contreras Elementary School,Pennsylvania,Private,Middle,15336.22,80.0,12.6,69.2,35.4,72.5,4.32
63,Schwartz Middle School,Illinois,Charter,Middle,9241.06,81.9,17.9,71.5,86.0,70.9,14.95
64,Lynch High School,Illinois,Charter,Elementary,15056.81,53.5,14.7,20.4,20.0,88.9,13.1
65,Martin Middle School,North Carolina,Charter,Elementary,23787.56,47.5,18.4,40.8,94.8,77.9,9.86
66,Rowe High School,New York,Private,High,9839.32,63.4,16.0,55.9,22.4,80.0,12.89
67,Parker Elementary School,Ohio,Charter,Elementary,13670.08,55.7,29.4,45.6,28.8,92.9,1.72
68,Dean Middle School,Georgia,Charter,High,10475.16,99.9,10.2,59.4,46.8,97.4,12.77
69,Hamilton Middle School,Texas,Private,Middle,6940.05,55.4,23.3,56.2,29.6,67.2,5.56
70,Wilson Elementary School,Florida,Public,Elementary,9927.3,48.4,26.9,12.3,49.9,94.9,4.27
71,Ward High School,Ohio,Private,Elementary,8114.34,83.5,27.3,28.6,41.3,53.0,2.01
72,Mann Elementary School,North Carolina,Public,High,6576.76,95.7,19.3,59.5,35.1,86.9,4.82
73,Anderson Middle School,Pennsylvania,Charter,Middle,7681.0,41.3,11.1,60.3,25.3,79.2,4.85
74,Howard Elementary School,Illinois,Private,High,15499.02,73.8,12.0,88.6,22.4,95.7,12.68
75,Powell High School,Illinois,Private,Elementary,8211.36,58.5,20.6,34.9,41.9,72.5,6.85
76,Boyd Elementary School,Michigan,Public,High,12311.0,78.5,20.7,27.6,81.7,57.0,1.71
77,Rios High School,Georgia,Public,Elementary,13331.98,88.1,24.3,48.2,11.6,69.7,1.15
78,Garcia High School,Pennsylvania,Private,High,24602.03,46.8,13.5,71.2,71.6,73.5,11.5
79,Scott Elementary School,North Carolina,Public,Elementary,19298.9,99.6,15.1,19.7,16.9,75.5,12.77
80,Moore High School,Pennsylvania,Private,High,19502.61,96.1,20.3,39.4,35.8,96.4,3.31
81,Warren High School,Georgia,Public,Middle,20087.92,86.4,16.0,76.4,39.2,50.4,2.31
82,Mendoza High School,California,Public,Middle,6934.67,64.6,28.7,93.3,14.0,98.4,6.18
83,Mcdonald High School,Illinois,Public,High,23377.05,85.8,19.1,23.1,37.4,90.5,6.75
84,Richardson Middle School,North Carolina,Private,Middle,22787.89,57.6,10.2,80.6,37.2,82.8,9.24
85,Henry Middle School,North Carolina,Private,Elementary,19248.09,92.4,25.8,75.3,11.0,66.4,13.71
86,Nichols High School,Michigan,Charter,Middle,13328.58,49.0,10.3,18.3,46.3,87.2,8.06
87,Porter High School,Georgia,Private,High,17792.38,88.0,27.9,76.0,92.2,97.5,3.07
88,Reynolds Elementary School,Texas,Private,Elementary,23875.89,43.1,14.6,30.9,83.5,78.9,5.83
89,Ross Middle School,Illinois,Charter,Elementary,21258.7,49.5,11.5,82.4,61.7,64.9,12.56
90,Johnson Middle School,Illinois,Charter,High,12828.81,64.4,27.2,71.2,82.2,56.8,2.7
91,Tran Elementary School,Georgia,Private,Elementary,22304.35,84.8,11.8,31.8,9.1,59.9,11.81
92,Thompson High School,Pennsylvania,Private,Middle,21671.06,49.8,16.6,13.1,18.0,75.1,6.08
93,Floyd Middle School,Michigan,Charter,High,9254.95,41.6,16.0,19.9,9.8,90.4,9.34
94,Ellis Elementary School,Illinois,Private,High,13014.56,79.7,16.2,82.8,60.7,97.5,9.93
95,Clark Elementary School,Illinois,Charter,High,22655.31,43.5,26.4,11.1,82.8,75.4,13.59
96,Porter Middle School,North Carolina,Charter,Middle,15320.99,80.9,12.9,80.4,80.1,63.5,10.7
97,Barnes High School,New York,Public,Elementary,9815.54,80.5,23.8,66.9,21.4,67.9,9.16
98,Rhodes High School,Pennsylvania,Public,Elementary,7179.17,62.5,26.9,75.2,23.3,87.0,8.82
99,Jackson High School,Michigan,Public,Elementary,10909.43,42.0,21.9,24.7,43.5,95.9,7.4
100,Richardson Elementary School,New York,Charter,High,18018.42,41.6,10.1,26.5,11.2,92.9,13.91
101,Robinson High School,California,Public,Middle,21416.89,52.7,18.9,54.6,63.4,77.0,8.12
102,Cardenas Middle School,Pennsylvania,Public,High,22558.79,88.5,10.7,49.6,22.6,86.1,12.83
103,Anderson High School,Pennsylvania,Charter,Elementary,21093.21,96.2,10.4,94.5,76.1,66.3,13.3
104,Castro Middle School,Georgia,Public,Elementary,10283.84,40.3,18.7,47.7,50.7,57.6,13.28
105,Perez Middle School,Florida,Public,High,8959.61,80.5,27.4,47.1,14.5,74.5,10.59
106,Dougherty High School,Florida,Private,Middle,14311.95,51.4,22.4,16.1,66.3,77.8,13.09
107,Allen High School,California,Charter,High,21306.52,95.5,20.2,59.3,60.5,89.2,9.69
108,Parker Elementary School,Michigan,Charter,Middle,6850.98,97.7,26.1,14.4,90.0,59.4,3.15
109,Davis High School,North Carolina,Private,Elementary,20832.55,80.4,21.1,23.5,64.7,91.8,8.99
110,Matthews High School,Pennsylvania,Charter,Middle,7203.75,67.1,22.2,65.0,49.4,58.6,14.9
111,Serrano Elementary School,Florida,Public,Middle,24516.83,61.5,11.0,85.7,63.4,65.9,6.46
112,King Elementary School,New York,Public,Middle,15111.72,92.0,25.9,35.5,25.5,55.5,10.84
113,Sandoval High School,Texas,Public,Elementary,21290.9,82.8,24.2,19.3,61.0,57.3,6.7
114,Mack Middle School,North Carolina,Charter,Middle,23726.88,49.6,14.1,36.1,35.0,79.2,4.69
115,White High School,Michigan,Charter,High,20476.62,91.7,14.3,70.9,52.8,92.3,5.09
116,Campbell High School,Michigan,Charter,High,23693.55,76.2,15.8,86.4,46.1,88.9,0.64
117,Williams Elementary School,Pennsylvania,Private,Elementary,17265.5,65.3,22.8,25.2,83.8,99.9,6.35
118,Lewis High School,California,Public,Middle,8966.89,66.3,13.7,40.8,92.6,87.4,2.32
119,Joseph Elementary School,Georgia,Public,High,23643.31,79.3,22.5,41.8,94.6,58.1,2.9
120,Romero High School,Texas,Private,Middle,8508.05,63.0,18.6,49.5,14.2,69.1,12.66
121,Acosta Elementary School,Georgia,Charter,High,22585.27,53.4,22.3,68.2,82.0,50.8,7.36
122,Miller High School,North Carolina,Charter,High,13726.37,82.4,12.6,47.3,21.4,72.2,9.77
123,Roth High School,Ohio,Public,Elementary,13895.47,51.5,21.3,35.7,84.8,66.1,8.48
124,Hardy High School,California,Public,Middle,24831.12,68.3,17.4,81.2,80.7,63.3,12.36
125,Salinas High School,Florida,Public,High,22279.35,65.4,16.1,58.7,58.7,72.7,6.94
126,Lawrence High School,Ohio,Private,Elementary,23941.09,64.2,28.1,56.5,26.8,52.8,2.52
127,Dennis Elementary School,Pennsylvania,Private,Middle,8738.09,63.4,24.9,93.7,39.8,69.5,13.04
128,Martin High School,Illinois,Public,High,8058.53,57.4,16.5,41.7,56.6,53.2,11.09
129,Bennett High School,North Carolina,Public,High,23776.86,53.7,20.4,45.4,11.0,55.3,11.02
130,Reid High School,Florida,Charter,Elementary,24278.72,40.2,12.4,33.1,56.4,72.6,3.67
131,Cunningham Elementary School,Texas,Private,Middle,21151.04,56.7,20.3,77.4,94.0,87.1,0.64
132,Collier Middle School,Ohio,Charter,High,8188.12,77.7,29.4,62.2,6.1,84.1,12.73
133,Wood Middle School,Pennsylvania,Charter,High,17062.45,45.6,23.0,77.9,21.1,50.4,12.71
134,Estes Middle School,New York,Charter,Middle,15863.7,76.5,14.9,63.9,80.4,58.3,11.9
135,Gregory Middle School,Texas,Private,High,21222.37,42.3,15.2,11.7,28.7,84.1,8.72
136,Mcknight Middle School,Texas,Public,Middle,8611.18,43.3,25.8,88.2,75.8,96.2,10.19
137,Rhodes High School,Georgia,Public,Elementary,22326.19,97.9,25.1,81.6,19.0,70.2,0.91
138,Anderson Middle School,Ohio,Charter,Elementary,15356.64,59.2,26.2,86.7,28.0,76.9,7.73
139,Bridges Middle School,California,Charter,High,6458.54,60.0,18.1,86.2,79.2,64.9,3.98
140,Kim High School,Ohio,Private,Elementary,11620.99,89.9,25.3,55.5,68.8,98.9,12.86
141,Fisher Elementary School,Michigan,Public,Elementary,22278.46,81.5,22.2,39.9,59.0,53.4,1.09
142,Williams Middle School,New York,Private,Elementary,20737.9,65.4,15.1,86.8,94.1,63.2,9.48
143,Martin Middle School,North Carolina,Private,Elementary,17928.65,83.8,26.1,36.3,19.6,56.0,7.57
144,Garcia Elementary School,Georgia,Private,Middle,19652.98,73.1,21.0,59.1,62.2,66.1,3.24
145,Summers Elementary School,Florida,Public,Middle,17131.1,86.1,12.4,84.1,47.6,76.5,11.83
146,Foster Elementary School,Florida,Charter,Middle,14572.64,98.5,15.5,78.9,58.9,56.9,3.88
147,Sandoval Elementary School,Michigan,Private,Elementary,24309.49,52.3,19.9,80.9,70.5,76.6,11.19
148,Sanders Middle School,California,Public,Elementary,7146.62,70.8,22.6,82.3,32.4,95.9,11.45
149,Cooper High School,Pennsylvania,Charter,Middle,19270.47,79.7,10.5,90.9,50.4,78.7,9.42
150,Cunningham High School,Florida,Private,High,12573.85,46.5,29.5,45.4,69.1,72.5,2.26
151,Lara Elementary School,Michigan,Private,Middle,9205.86,93.0,29.3,45.0,35.5,90.1,3.59
152,Newman High School,Illinois,Charter,Middle,23583.79,82.1,24.5,72.0,50.6,53.3,11.53
153,Friedman Middle School,California,Charter,High,18367.64,99.6,25.6,71.0,72.6,60.9,4.62
154,Ramos Middle School,Florida,Private,High,5445.04,70.0,18.4,58.1,41.4,65.1,6.09
155,Miller Elementary School,California,Public,High,17055.54,96.1,23.6,74.2,82.7,99.4,10.9
156,Wells High School,Florida,Charter,Elementary,24789.13,94.8,17.3,51.4,15.0,99.5,11.68
157,Carr Middle School,North Carolina,Public,Middle,23950.2,45.2,11.2,27.4,80.8,89.0,4.97
158,Richmond Middle School,California,Charter,High,14361.85,52.5,16.2,93.3,88.8,96.5,11.97
159,Hernandez High School,Pennsylvania,Public,Middle,20297.82,68.4,24.8,25.0,78.0,95.0,12.22
160,Williams High School,Ohio,Charter,Middle,9745.76,77.4,10.7,74.7,44.4,56.7,1.33
161,Vaughan Middle School,Georgia,Public,Middle,11671.8,44.1,29.8,77.7,13.8,94.5,13.24
162,White Elementary School,Pennsylvania,Private,High,19901.98,91.2,19.5,83.1,36.1,97.0,9.24
163,Kim Middle School,Ohio,Charter,Elementary,22207.53,48.2,14.9,70.8,63.5,80.7,14.24
164,Benton Elementary School,Florida,Charter,Elementary,9819.27,95.7,23.2,16.4,92.9,99.8,9.48
165,Smith Middle School,Georgia,Public,Elementary,14711.34,83.0,11.4,25.0,71.8,94.2,7.16
166,Smith Elementary School,Illinois,Charter,Elementary,19639.17,61.0,20.0,53.2,47.7,55.8,12.11
167,James Elementary School,North Carolina,Private,Middle,16003.49,58.0,27.3,66.6,83.7,56.9,12.62
168,Griffin High School,Georgia,Public,Elementary,22878.6,45.7,14.5,48.8,29.5,74.5,12.84
169,Mason Elementary School,North Carolina,Public,Elementary,11847.26,63.3,16.5,69.4,89.2,50.1,5.69
170,Clark High School,Texas,Charter,High,15464.38,89.5,12.2,21.6,41.8,93.7,1.84
171,Baker Middle School,California,Private,Middle,15304.36,80.4,28.3,34.1,36.1,88.6,4.77
172,Murphy Elementary School,California,Charter,High,24586.36,98.3,26.4,25.2,34.0,94.1,4.44
173,Copeland Elementary School,Pennsylvania,Public,High,11524.75,92.9,23.9,50.0,73.7,74.7,1.12
174,Valencia High School,Florida,Private,Elementary,17027.39,94.2,28.5,32.2,17.9,98.8,4.0
175,Willis High School,California,Charter,Elementary,24312.09,67.8,15.4,34.0,86.1,95.7,6.55
176,Montgomery High School,North Carolina,Private,Middle,12007.89,53.2,26.0,26.3,68.9,58.0,4.41
177,Wang Elementary School,Georgia,Public,Elementary,21233.23,68.6,16.6,22.0,69.9,73.1,12.77
178,Gardner Middle School,Georgia,Private,Elementary,22529.03,97.6,25.6,36.7,65.4,57.9,9.32
179,Keller Middle School,Michigan,Public,Elementary,11432.46,50.8,18.4,78.0,65.2,66.1,2.01
180,Reese Middle School,North Carolina,Private,Elementary,20022.97,67.1,20.0,41.0,67.3,78.3,14.49
181,Ali Elementary School,Michigan,Public,Elementary,14364.22,73.7,16.9,93.4,7.9,63.9,10.87
182,Flores High School,New York,Public,Elementary,11239.13,92.2,28.4,79.5,26.7,54.6,13.94
183,Davidson Elementary School,North Carolina,Charter,Elementary,19037.35,86.4,22.4,74.0,46.1,77.7,4.32
184,Chung Middle School,Ohio,Charter,High,10080.98,44.1,28.1,14.1,19.5,70.0,14.29
185,Fleming Elementary School,Georgia,Charter,High,13012.56,61.0,18.8,28.6,58.4,85.9,3.11
186,Howard Elementary School,Texas,Private,Middle,9283.35,83.7,28.3,20.1,55.2,79.6,11.51
187,Mcneil Middle School,Georgia,Charter,Elementary,18360.27,80.9,17.1,90.5,12.0,58.5,14.85
188,Riggs Middle School,California,Private,High,9145.94,86.6,21.4,85.4,74.3,81.2,6.86
189,Rivera Middle School,Georgia,Public,Elementary,19936.86,71.3,29.7,90.7,38.3,82.7,7.86
190,Hansen Middle School,New York,Charter,High,15596.42,90.4,15.1,83.5,25.5,81.4,10.85
191,Johnson Elementary School,Michigan,Private,High,19153.5,56.8,23.5,23.2,82.2,85.5,14.59
192,Harris Middle School,Texas,Public,High,21107.26,78.8,19.7,86.5,68.0,87.3,8.68
193,Moreno Middle School,California,Charter,Elementary,24558.03,62.5,16.7,92.0,62.3,79.9,14.07
194,Hughes Elementary School,Florida,Charter,Elementary,5940.64,59.9,13.7,53.4,39.4,87.1,8.19
195,Rodriguez High School,Florida,Public,Elementary,23919.94,73.7,28.3,19.3,36.7,50.7,10.64
196,Whitaker High School,Georgia,Public,High,11915.53,89.8,29.9,55.9,60.4,79.1,3.21
197,Peterson Elementary School,Florida,Public,Middle,17941.97,73.4,20.7,19.0,54.1,60.9,8.63
198,Herrera Middle School,Illinois,Public,Elementary,16233.73,88.4,26.4,40.4,43.4,71.2,12.31
199,Morris Middle School,North Carolina,Private,Middle,14673.39,49.3,11.9,59.1,82.0,69.1,10.79
200,Rodriguez Middle School,Georgia,Public,Middle,24699.08,54.8,17.4,65.5,49.0,79.1,5.37
201,Morris High School,Texas,Private,High,24394.93,53.5,19.0,23.3,80.1,81.6,12.1
202,Jennings Elementary School,North Carolina,Public,Middle,8665.12,85.3,23.8,90.7,92.7,61.1,4.24
203,Howell Elementary School,Ohio,Private,Middle,23743.27,73.7,28.0,46.7,19.3,52.3,1.19
204,Robles Elementary School,Georgia,Charter,High,18992.39,42.9,28.3,22.0,8.6,90.1,8.02
205,Hanson High School,Florida,Private,High,24125.34,80.4,20.5,71.3,9.7,69.9,5.13
206,Kidd Elementary School,Illinois,Private,High,9904.18,47.3,19.1,81.0,66.2,67.2,2.54
207,Collins High School,Texas,Public,High,11235.08,69.0,24.3,29.1,85.4,83.0,9.58
208,Freeman High School,California,Charter,High,6769.82,65.8,13.7,21.9,34.4,64.2,10.47
209,Taylor Elementary School,Texas,Private,Elementary,7955.0,68.3,15.1,66.7,9.0,78.5,13.0
210,Hernandez Middle School,Texas,Charter,Elementary,5077.03,87.7,15.4,70.6,50.7,67.8,13.33
211,Vance High School,Florida,Charter,Elementary,14544.25,93.3,20.9,64.1,17.3,64.4,13.08
212,Johnson High School,North Carolina,Private,High,22721.18,92.8,16.6,35.1,22.7,77.7,2.3
213,Smith Middle School,Illinois,Public,Middle,5908.09,90.9,25.3,89.1,24.4,56.6,1.18
214,Jones Elementary School,Florida,Private,Elementary,18000.5,69.5,10.5,80.4,68.1,89.6,1.76
215,Jackson Elementary School,Georgia,Charter,Middle,21737.44,71.6,12.3,77.6,37.3,88.0,9.58
216,Jones High School,Michigan,Charter,Middle,20653.06,57.2,11.6,55.3,51.2,51.5,9.0
217,Brown Middle School,New York,Private,High,12785.11,78.5,12.9,74.1,54.2,76.6,1.3
218,Salinas Elementary School,California,Private,High,16918.75,74.8,30.0,22.8,42.0,99.5,10.38
219,Gentry Middle School,Florida,Charter,Middle,24210.69,75.6,14.9,45.7,93.3,67.6,1.77
220,Murphy Elementary School,Florida,Public,Elementary,14601.12,54.5,18.2,71.7,70.1,69.7,5.24
221,Padilla Elementary School,Illinois,Public,Middle,12860.85,94.2,16.6,70.0,83.3,77.1,11.4
222,Gomez High School,Illinois,Private,Elementary,17205.66,73.4,14.9,64.0,21.0,81.1,3.52
223,Johnson High School,Michigan,Private,Elementary,22953.03,83.1,25.4,57.6,33.8,90.1,4.96
224,Atkinson High School,Michigan,Charter,High,9293.73,83.1,10.5,94.9,22.7,81.1,5.94
225,Whitehead High School,Texas,Charter,Middle,10283.75,80.0,19.5,44.9,55.1,78.9,8.27
226,Morgan Elementary School,Illinois,Public,Elementary,23849.9,55.3,27.2,63.7,32.1,75.6,3.65
227,Griffin High School,Illinois,Public,Middle,12601.78,93.0,19.1,90.8,48.5,84.1,5.02
228,Parker Elementary School,North Carolina,Charter,Middle,7991.43,80.4,12.2,14.0,29.3,78.2,6.81
229,Williams Middle School,Florida,Public,Middle,20918.3,48.3,23.6,68.8,11.8,83.9,13.13
230,Harper Elementary School,Illinois,Charter,Elementary,13852.19,41.2,10.6,13.5,42.8,62.6,4.82
231,Robertson Elementary School,California,Private,Elementary,23073.35,71.8,23.9,19.9,46.8,99.2,6.91
232,Martinez Elementary School,Illinois,Charter,Elementary,14567.8,77.3,16.6,20.4,76.8,62.3,8.54
233,Moore High School,Michigan,Charter,Middle,8480.82,77.5,25.6,36.5,78.5,74.1,10.69
234,Martinez High School,Florida,Private,High,14946.91,94.2,25.1,64.5,94.2,77.0,14.43
235,Meyer Middle School,California,Charter,Middle,7547.66,74.2,14.4,45.0,29.1,83.8,5.34
236,Reynolds Middle School,Florida,Public,Middle,22070.74,45.3,25.7,11.3,32.1,72.6,4.19
237,Jones High School,Pennsylvania,Public,High,22237.67,80.2,11.0,45.8,74.2,76.0,9.76
238,Pham Elementary School,Florida,Private,High,17741.01,65.4,29.2,79.9,27.6,51.7,7.89
239,Garcia Middle School,Illinois,Public,High,20007.31,43.7,20.2,42.3,45.4,97.7,7.79
240,Cantrell Elementary School,Michigan,Public,Middle,9137.27,45.4,14.9,28.3,82.7,64.4,13.57
241,Fleming High School,Texas,Private,Elementary,14936.28,43.9,18.6,80.6,75.6,68.3,13.45
242,Whitney Middle School,New York,Public,High,12748.31,91.4,22.6,10.5,8.7,62.1,4.35
243,Moran Elementary School,Michigan,Private,Middle,21663.2,88.5,19.7,81.3,20.7,67.8,5.35
244,Finley Middle School,New York,Private,Middle,8507.94,96.2,21.1,88.9,34.4,71.8,1.77
245,Jones Elementary School,Texas,Private,High,13648.08,73.2,26.4,83.7,49.8,88.8,1.22
246,Patton High School,Georgia,Private,Middle,5291.51,54.2,20.0,15.5,38.8,53.7,4.9
247,Carter High School,North Carolina,Charter,High,11431.13,72.0,29.3,68.4,31.9,53.3,2.88
248,Irwin Middle School,Ohio,Charter,High,18887.66,82.5,21.2,55.0,30.3,60.0,13.85
249,Price Elementary School,Texas,Public,Elementary,6314.74,50.8,29.9,59.2,65.5,62.3,14.99
250,Obrien Middle School,California,Public,Elementary,17592.66,96.8,19.9,63.3,34.0,92.0,8.22
251,Hatfield High School,Georgia,Charter,Elementary,17849.84,67.1,17.8,90.8,44.3,61.4,8.36
252,Holden Middle School,North Carolina,Charter,Middle,8801.29,92.6,23.3,61.5,33.5,70.1,5.37
253,Cochran Middle School,Florida,Charter,Middle,17140.7,99.1,13.4,34.6,34.2,54.1,1.1
254,Oneill High School,Georgia,Private,Middle,7322.19,62.6,11.0,75.1,47.9,62.1,2.55
255,Sanchez Middle School,Florida,Private,Middle,18844.58,83.6,28.7,84.0,53.8,57.4,6.78
256,Nicholson Middle School,Georgia,Private,Elementary,21022.55,99.3,22.9,22.8,58.0,52.8,4.95
257,Cox Elementary School,Pennsylvania,Private,High,22150.69,59.2,20.9,44.6,59.6,72.5,10.34
258,Banks High School,New York,Public,Elementary,24465.35,51.2,20.1,49.8,89.1,67.4,8.94
259,Pitts High School,Ohio,Private,Middle,8791.72,87.6,16.7,31.3,43.3,81.3,3.37
260,Carr High School,Ohio,Private,High,13182.4,96.4,17.2,24.0,85.7,93.2,12.52
261,Carpenter Elementary School,Pennsylvania,Charter,Elementary,21550.7,96.8,18.3,54.0,31.6,93.1,1.63
262,Bell High School,Florida,Private,Middle,5999.14,90.2,24.7,94.6,66.4,88.6,9.75
263,Padilla High School,Georgia,Public,Elementary,13988.66,40.0,29.9,36.6,76.2,66.8,7.32
264,Jones Middle School,New York,Private,Middle,11222.47,58.2,26.2,88.3,5.0,63.9,6.19
265,Freeman High School,Ohio,Private,Middle,19274.69,64.5,10.2,39.6,27.2,50.5,10.54
266,Brady Elementary School,Florida,Charter,High,10844.0,65.8,14.0,33.9,60.7,53.9,5.7
267,Garcia High School,Pennsylvania,Private,High,20789.17,59.4,26.0,39.1,27.9,84.8,8.61
268,Potter High School,Texas,Charter,High,7448.87,71.1,18.2,12.6,40.1,84.6,12.01
269,Estes Middle School,Illinois,Charter,Middle,15829.16,96.0,28.3,59.4,69.3,97.5,11.9
270,Stephens Elementary School,Georgia,Charter,High,16062.64,75.8,25.4,26.9,23.1,92.2,4.9
271,Byrd High School,California,Charter,High,19678.43,65.0,11.7,84.5,59.5,84.4,5.14
272,Levine High School,Texas,Private,Elementary,15282.69,79.5,21.5,61.0,11.3,68.3,10.87
273,Hull High School,Texas,Public,High,24425.17,65.3,16.7,35.7,38.8,57.8,10.24
274,White Elementary School,New York,Public,High,6149.18,64.5,18.9,54.0,35.0,57.7,12.66
275,Elliott Elementary School,Illinois,Public,High,11520.02,80.8,23.3,18.5,27.8,81.0,9.5
276,Griffin Elementary School,Georgia,Private,High,20262.89,79.7,28.5,64.3,60.5,66.0,6.91
277,Hebert Middle School,Florida,Public,High,18872.89,67.7,28.9,30.5,89.3,58.8,1.17
278,Lewis Elementary School,California,Public,Middle,24559.37,99.1,17.8,10.5,22.1,71.7,4.78
279,Allen High School,Illinois,Public,Elementary,24562.36,88.2,22.2,43.0,80.3,97.0,12.83
280,Massey Middle School,North Carolina,Public,High,21311.28,60.7,15.3,79.6,17.8,85.0,3.63
281,Hebert Middle School,Pennsylvania,Private,Elementary,16352.07,44.1,19.1,75.7,42.1,98.2,9.7
282,Waters Middle School,Michigan,Charter,Elementary,22885.28,70.3,13.8,72.8,53.9,68.2,10.46
283,Parker Elementary School,Michigan,Private,Elementary,7701.85,89.4,12.8,90.8,74.7,63.4,4.5
284,Schmidt Middle School,Georgia,Private,High,12068.54,70.5,11.4,41.1,73.7,95.0,6.77
285,Andrews Elementary School,North Carolina,Private,Elementary,7969.77,42.2,17.8,31.7,50.8,87.8,12.29
286,Reyes Elementary School,Michigan,Charter,Elementary,20512.41,44.8,20.1,59.6,9.1,81.5,11.41
287,Dominguez High School,New York,Private,Middle,14502.9,94.1,17.4,71.2,35.0,88.0,11.86
288,Harris Elementary School,Georgia,Public,Middle,21551.1,85.9,17.7,50.1,82.3,71.1,1.98
289,Tapia Elementary School,California,Public,Elementary,23853.26,90.8,23.1,39.9,18.9,67.4,13.49
290,Khan High School,Illinois,Private,High,9111.61,50.0,19.4,61.5,6.0,96.9,13.6
291,Gray Middle School,Michigan,Public,Middle,11673.46,83.0,21.3,60.0,28.6,83.2,8.95
292,Williams Middle School,Illinois,Public,Elementary,13127.46,41.4,24.3,44.2,18.1,79.5,10.19
293,Medina Middle School,Illinois,Public,High,21162.97,77.3,20.8,87.5,20.2,67.4,13.83
294,Calhoun Middle School,California,Private,Middle,11836.51,63.7,10.4,66.7,55.5,54.3,8.9
295,Hutchinson Elementary School,California,Charter,Middle,8276.55,65.2,21.9,87.3,58.6,63.9,10.23
296,Harris Elementary School,North Carolina,Charter,High,12110.56,54.2,20.0,17.9,34.0,90.0,9.08
297,Wright High School,Georgia,Private,Elementary,20527.55,62.6,13.3,14.1,38.3,50.0,10.65
298,Roach Elementary School,New York,Private,Middle,13140.78,80.4,12.1,10.8,31.9,57.2,0.59
299,Ramirez Middle School,Texas,Private,High,17782.45,82.3,12.3,56.8,12.7,76.7,8.21
300,Silva Elementary School,New York,Public,Middle,12171.78,58.0,27.5,66.2,16.9,87.0,2.88
301,Guerrero Elementary School,Michigan,Private,Middle,12695.31,89.1,10.8,14.1,10.5,67.6,9.51
302,Riddle High School,North Carolina,Private,Middle,21610.2,61.9,26.4,86.0,31.0,51.0,12.42
303,Johnson High School,California,Public,High,15764.33,46.0,22.1,48.2,87.8,74.9,4.48
304,Harris Middle School,California,Charter,High,12538.27,42.4,19.9,86.9,38.5,55.5,12.93
305,Wilson Middle School,California,Charter,High,24536.61,50.6,10.8,82.7,29.4,66.4,2.99
306,Olson Elementary School,Pennsylvania,Private,Middle,10539.84,79.9,23.6,50.4,60.5,97.4,4.7
307,Foster Middle School,Texas,Public,Elementary,16076.69,78.5,13.7,89.6,82.6,54.5,5.85
308,Gonzalez High School,Florida,Public,Middle,10128.6,97.4,27.2,69.6,10.4,58.2,14.37
309,Barnett Elementary School,Pennsylvania,Public,High,7931.46,58.5,29.4,33.7,56.5,55.2,3.33
310,Rubio High School,Illinois,Charter,Middle,17503.49,54.9,24.3,48.0,90.8,92.8,13.15
311,Goodman High School,New York,Charter,Middle,19973.3,83.6,23.6,37.6,91.3,75.6,6.62
312,Rhodes Middle School,Florida,Private,Elementary,11543.91,61.8,27.5,69.1,85.5,53.1,13.2
313,Sims High School,North Carolina,Public,Middle,23996.5,67.0,25.1,78.5,31.5,60.2,6.12
314,Braun High School,Texas,Private,Elementary,7426.08,63.8,26.5,64.8,10.2,82.4,3.3
315,Jackson Elementary School,Illinois,Private,Middle,17805.95,98.7,19.2,29.0,11.5,85.8,3.45
316,Martin Middle School,Texas,Private,Middle,22758.08,85.7,12.0,67.3,85.3,61.2,11.85
317,Sherman Elementary School,New York,Charter,High,13924.4,91.3,23.5,26.7,89.2,68.5,14.17
318,Martin Elementary School,Illinois,Private,Middle,24900.18,77.9,11.2,81.6,32.9,64.9,4.67
319,May High School,Michigan,Charter,Elementary,16547.36,62.3,27.7,22.5,82.9,87.2,13.74
320,Jenkins Elementary School,Texas,Public,High,16369.69,47.1,28.0,74.1,93.7,83.0,13.02
321,Freeman Elementary School,Ohio,Public,Elementary,22970.99,43.3,11.0,27.3,59.4,67.2,14.54
322,Silva Middle School,North Carolina,Charter,Middle,15866.95,92.5,17.0,87.3,73.3,62.6,8.09
323,Phillips High School,Ohio,Charter,Elementary,19926.92,56.2,15.7,50.3,36.1,87.0,11.73
324,Wilkerson Middle School,Florida,Private,Middle,9436.07,65.5,10.7,84.9,34.6,80.1,7.54
325,Petersen High School,Florida,Private,Elementary,17606.55,89.9,22.5,63.3,54.7,66.7,14.54
326,Jones Middle School,California,Private,Middle,11431.38,59.6,14.3,29.1,54.7,84.5,4.82
327,Thomas Middle School,Illinois,Charter,High,6615.56,91.4,24.0,14.6,77.2,74.1,8.62
328,Rodriguez Elementary School,Georgia,Charter,Elementary,7840.1,97.5,27.3,24.2,31.3,70.5,10.65
329,Kaiser Elementary School,Georgia,Private,Middle,23855.36,60.6,27.0,26.9,56.3,64.8,2.73
330,Murphy Elementary School,California,Charter,Elementary,7337.24,65.2,10.7,52.0,78.4,74.4,1.96
331,Garcia Middle School,Michigan,Charter,Elementary,7191.61,61.1,16.6,20.8,73.6,75.5,9.43
332,Evans High School,Florida,Public,Middle,10008.7,98.1,24.3,76.8,69.8,76.8,4.55
333,White Elementary School,New York,Charter,Middle,12585.34,93.6,19.5,31.4,74.0,97.7,12.85
334,Horton Middle School,Georgia,Private,Middle,24975.1,77.2,26.3,41.8,80.2,95.7,3.75
335,Allen Elementary School,Georgia,Charter,Middle,12355.11,88.9,23.3,65.1,89.8,54.7,11.93
336,Moore Middle School,Texas,Public,High,10735.8,55.2,16.4,25.5,45.2,69.5,3.76
337,Bennett Middle School,New York,Private,Elementary,21513.68,91.2,19.4,80.1,58.1,68.3,4.76
338,Torres Middle School,North Carolina,Charter,Elementary,24744.42,65.7,17.6,62.2,26.5,66.7,8.82
339,Roberson Elementary School,Florida,Charter,High,7863.12,93.0,22.9,20.6,93.7,89.2,4.89
340,Gonzales Elementary School,California,Private,High,8029.51,54.6,15.1,51.6,21.5,88.5,3.56
341,Thomas Middle School,New York,Charter,Middle,21677.02,43.9,21.8,49.4,43.2,53.2,12.74
342,Koch High School,New York,Public,Middle,15428.27,93.9,23.4,14.2,51.6,54.5,9.74
343,Wilson Middle School,Pennsylvania,Charter,High,6706.94,93.9,23.1,54.1,14.5,50.9,11.68
344,Carter High School,Illinois,Private,High,16953.66,64.3,15.8,53.9,36.7,91.1,6.71
345,Hawkins Middle School,New York,Public,Middle,20499.45,59.5,27.3,45.7,14.9,71.6,11.29
346,Aguilar Middle School,Texas,Charter,Elementary,9576.73,73.9,29.5,64.2,94.7,67.8,8.55
347,Watkins High School,Illinois,Private,Elementary,9519.47,66.9,19.6,12.4,23.7,80.3,12.75
348,Clarke High School,New York,Private,Elementary,13690.34,94.9,15.7,52.4,43.1,78.7,4.61
349,Williams Middle School,North Carolina,Private,Elementary,15384.72,91.7,22.8,42.2,91.9,57.0,14.76
350,Walters Elementary School,Ohio,Charter,High,21119.96,52.4,20.6,29.0,9.5,82.6,8.85
351,Garza Middle School,Florida,Private,Middle,13186.67,45.1,14.3,44.1,70.5,75.3,4.83
352,Jordan Middle School,New York,Charter,High,23005.54,92.7,27.2,55.6,74.9,75.9,2.67
353,Harrington Middle School,New York,Public,High,15841.3,99.6,12.3,87.1,45.6,54.5,3.38
354,Vaughn High School,Texas,Charter,Elementary,16980.89,59.8,13.1,45.3,50.2,93.1,14.8
355,Kennedy Middle School,Texas,Charter,Elementary,8681.92,75.1,12.5,75.7,82.0,61.4,0.61
356,Atkinson High School,Pennsylvania,Charter,Elementary,19243.89,57.9,11.9,78.9,61.6,95.0,4.01
357,Smith Elementary School,Florida,Charter,High,15299.17,76.2,28.5,45.7,40.6,77.1,1.01
358,Hill Elementary School,North Carolina,Private,Middle,6010.14,40.5,11.4,27.8,68.1,85.4,2.64
359,Peters Middle School,Florida,Public,Elementary,17627.01,78.3,20.3,79.1,7.8,72.7,3.23
360,Daniels Elementary School,Texas,Public,High,8138.46,90.8,10.0,46.7,58.4,58.4,6.75
361,Rodriguez Middle School,Pennsylvania,Charter,Elementary,19989.33,90.1,22.8,64.6,55.0,97.8,5.91
362,Richardson High School,Florida,Charter,Middle,10907.56,54.7,13.9,27.5,26.1,60.0,13.28
363,King Elementary School,North Carolina,Private,Elementary,22092.54,42.2,18.3,52.7,64.0,63.9,3.9
364,Martin Elementary School,Pennsylvania,Charter,Elementary,6553.06,62.5,25.0,64.6,20.1,98.8,0.58
365,Calhoun Elementary School,Florida,Private,Elementary,10211.94,78.2,18.4,26.0,65.6,53.0,10.23
366,Williams Middle School,North Carolina,Private,Middle,19004.2,75.4,16.8,80.4,8.0,97.9,5.39
367,Leonard High School,Michigan,Private,Elementary,15041.45,61.4,14.9,87.3,13.9,90.4,12.47
368,Ortiz Elementary School,California,Public,Middle,22238.67,97.6,19.3,22.9,20.0,59.9,12.4
369,Kim Elementary School,California,Private,High,19546.93,68.4,19.6,48.4,5.1,52.7,5.42
370,Boyer High School,North Carolina,Private,Elementary,24695.63,44.2,25.0,89.7,64.6,83.9,4.26
371,Frey Elementary School,Illinois,Public,High,23087.27,79.1,29.2,37.1,87.4,79.0,13.45
372,Ayala High School,North Carolina,Public,Middle,6551.14,57.6,29.6,94.5,19.9,94.4,6.9
373,Pierce Elementary School,Ohio,Private,Middle,24121.65,54.0,16.2,53.8,73.9,83.4,4.59
374,Cross High School,California,Private,Elementary,7506.27,66.9,29.2,68.3,18.6,85.7,8.49
375,Hawkins Middle School,Texas,Charter,Middle,24734.07,49.2,19.3,30.9,32.9,75.8,7.96
376,Larsen Middle School,New York,Charter,Middle,5780.51,66.1,19.5,23.5,27.0,54.4,10.41
377,Marshall Elementary School,New York,Private,Middle,24350.94,46.5,10.2,74.9,35.2,61.3,2.41
378,Thompson High School,California,Public,Elementary,9744.0,86.4,11.8,34.0,74.4,58.2,5.5
379,May Elementary School,Pennsylvania,Private,Elementary,11062.64,61.2,25.5,85.8,92.8,54.8,12.72
380,Holt Elementary School,Ohio,Public,Middle,6635.26,63.8,11.1,72.2,28.6,97.1,8.77
381,Blair High School,Florida,Private,Elementary,19143.43,81.4,25.2,16.3,78.2,65.3,6.58
382,Davis High School,New York,Public,High,19629.29,62.7,19.9,70.8,63.2,51.5,6.38
383,Pierce Elementary School,Texas,Charter,Middle,21859.29,80.7,29.4,78.8,9.5,62.1,9.99
384,Hayes Middle School,New York,Public,Middle,17394.22,80.7,19.8,42.6,67.2,96.6,14.08
385,Ortiz High School,North Carolina,Public,High,18804.99,84.7,18.1,18.1,58.0,86.1,11.25
386,Mays High School,Texas,Public,Middle,23706.87,58.0,18.5,75.3,84.2,53.9,5.77
387,Stafford High School,New York,Public,Elementary,20202.08,55.5,19.1,69.3,58.6,86.0,4.78
388,Strong High School,Georgia,Public,Elementary,23317.95,46.0,19.8,90.4,18.7,97.9,0.7
389,Williams High School,Texas,Public,Elementary,5921.11,82.5,28.1,55.7,91.2,82.0,13.51
390,Martinez High School,Florida,Charter,Middle,7665.8,49.5,26.6,88.7,67.3,65.4,8.84
391,Vargas Elementary School,Texas,Private,Elementary,7186.42,98.2,17.9,29.3,48.0,86.2,11.34
392,Ross High School,North Carolina,Private,Elementary,13260.81,91.3,13.9,86.7,83.1,54.5,6.11
393,Hernandez Elementary School,Pennsylvania,Charter,Middle,20641.58,66.8,27.6,89.4,16.2,51.9,10.68
394,Nunez Elementary School,Texas,Public,Middle,22357.18,57.0,23.4,45.5,36.6,93.8,2.97
395,Harris Middle School,North Carolina,Charter,Elementary,12591.91,91.4,12.8,41.0,73.7,63.8,6.01
396,Flores Middle School,Pennsylvania,Charter,Middle,24239.13,72.2,14.1,39.6,35.8,71.3,3.18
397,Newman Middle School,Texas,Public,High,18376.59,48.1,10.7,39.2,45.1,70.6,4.38
398,Smith Middle School,Georgia,Public,Elementary,17773.08,57.5,26.5,94.2,67.2,89.4,2.44
399,Butler High School,California,Private,Elementary,5157.76,54.1,15.2,34.8,68.7,74.4,12.29
400,Brown High School,Florida,Private,High,22595.3,91.3,23.7,71.6,67.4,60.5,6.23
401,Mitchell Elementary School,Pennsylvania,Private,High,22415.37,81.9,25.0,34.1,55.1,50.9,10.23
402,Myers Elementary School,Pennsylvania,Private,High,17933.4,99.8,29.1,87.5,84.7,64.7,6.74
403,Harper Elementary School,Pennsylvania,Private,Elementary,23525.49,86.6,28.5,55.2,55.1,80.8,3.57
404,Shaw Elementary School,New York,Charter,Elementary,13771.92,59.3,28.3,47.2,11.1,52.4,14.71
405,Buckley High School,Georgia,Charter,Middle,18430.67,61.3,15.8,78.3,28.8,67.8,5.58
406,Campbell Middle School,North Carolina,Public,Elementary,18879.04,77.1,11.9,73.1,25.6,68.7,12.39
407,Bradford High School,Florida,Charter,High,13166.72,47.8,29.1,93.7,6.5,50.9,5.98
408,Garcia Middle School,Ohio,Private,High,9050.24,54.9,25.1,90.0,40.3,68.9,2.38
409,Martin Middle School,New York,Public,High,13491.54,80.3,24.4,42.0,16.0,84.9,6.14
410,Meyer Middle School,Ohio,Public,High,16080.11,43.5,28.5,39.1,74.7,91.0,12.74
411,Carney High School,Georgia,Charter,Middle,14305.94,49.8,12.8,91.3,68.3,95.6,12.74
412,Duke High School,North Carolina,Charter,Middle,24779.02,86.0,14.9,91.4,43.1,74.3,9.81
413,Gardner Middle School,Michigan,Charter,Elementary,9735.4,72.4,28.7,31.1,39.4,71.6,7.57
414,Ramirez Elementary School,Illinois,Private,High,13679.75,49.5,17.3,82.2,78.7,70.2,10.07
415,Strickland High School,Georgia,Public,High,23327.88,49.4,19.0,40.7,46.1,87.1,4.21
416,Huynh Elementary School,New York,Public,Elementary,19734.53,94.7,25.2,48.1,34.0,86.0,0.56
417,Gordon Elementary School,Illinois,Charter,Elementary,9063.65,49.1,21.8,20.7,22.2,53.8,3.7
418,Romero Elementary School,Florida,Charter,High,19745.31,85.4,17.8,39.1,10.3,86.3,0.78
419,Davis High School,Florida,Private,Middle,13401.04,49.6,24.8,54.2,30.7,65.2,2.1
420,Christensen Middle School,Michigan,Private,Elementary,6853.48,59.7,18.3,25.7,84.7,98.4,6.11
421,Guzman High School,Ohio,Private,Middle,9776.23,62.0,15.2,77.2,51.4,57.7,1.57
422,Bowman High School,Georgia,Public,Elementary,10646.73,81.3,28.1,87.8,38.5,59.4,14.9
423,Wise Middle School,North Carolina,Private,High,6642.31,84.4,20.4,64.8,54.2,91.9,7.56
424,Pena High School,Pennsylvania,Private,Elementary,5934.75,56.1,19.4,13.8,91.9,75.3,12.17
425,Farley Middle School,Illinois,Private,Middle,8232.3,92.4,23.6,73.0,86.0,68.6,3.89
426,Pena High School,Michigan,Private,Elementary,5362.72,46.2,13.5,43.7,91.3,73.5,10.9
427,Morton High School,California,Private,High,10439.06,60.8,23.0,41.6,55.2,92.0,8.51
428,Dyer Middle School,New York,Private,High,14084.19,92.0,23.6,50.7,64.2,60.4,13.87
429,Anderson Middle School,Illinois,Charter,Middle,20069.05,44.7,17.4,70.6,45.2,55.6,8.27
430,Shields Middle School,Illinois,Charter,High,15835.24,61.6,29.7,47.1,54.4,84.4,7.42
431,Wilson High School,Illinois,Charter,Elementary,17667.6,46.1,26.9,44.5,10.9,59.8,11.21
432,Rios Middle School,Georgia,Public,Middle,6600.83,81.2,14.8,90.4,61.3,96.7,3.76
433,Bryan Elementary School,Florida,Charter,Elementary,7578.83,40.4,13.3,52.2,47.8,95.5,13.16
434,Thompson High School,Georgia,Charter,High,14062.74,73.6,23.1,81.2,66.3,79.7,7.6
435,Morales Elementary School,Texas,Private,Elementary,8197.86,58.1,21.3,94.7,32.1,98.1,12.22
436,Smith High School,California,Public,Middle,12553.16,100.0,23.5,84.0,31.0,90.3,9.02
437,Riley Elementary School,Illinois,Charter,High,22718.72,90.7,16.0,36.9,74.2,69.5,3.05
438,Johnson High School,California,Public,Middle,5918.98,95.4,16.0,92.3,94.0,51.9,0.87
439,Hart Middle School,Georgia,Private,Middle,24981.9,44.1,28.4,75.9,13.0,78.4,0.65
440,Mckinney Middle School,Pennsylvania,Private,High,10686.95,64.0,29.7,91.1,51.5,74.9,3.63
441,Lane High School,Florida,Public,Middle,21661.84,97.5,17.5,84.5,44.6,93.5,14.82
442,Vazquez Elementary School,Pennsylvania,Charter,High,11144.58,57.6,13.4,59.7,51.1,64.9,12.35
443,Oconnor Elementary School,North Carolina,Public,High,12468.53,71.7,16.5,63.1,14.0,56.6,9.27
444,Yates Elementary School,North Carolina,Public,Middle,17295.27,45.7,21.1,86.8,38.7,88.2,12.39
445,Herrera High School,Texas,Private,High,17924.69,68.6,22.8,10.3,42.8,50.4,7.36
446,Carroll High School,New York,Charter,High,5126.28,99.2,24.6,91.1,14.5,99.5,11.58
447,Raymond Elementary School,Ohio,Charter,Elementary,16813.75,68.9,26.5,59.9,18.7,93.1,13.45
448,Swanson Elementary School,Texas,Public,Elementary,6020.51,88.2,26.6,34.2,90.2,76.5,6.6
449,Hill High School,Florida,Public,Middle,24406.3,71.7,12.3,27.7,22.7,78.1,5.73
450,Hunt Elementary School,Florida,Charter,Middle,12617.67,90.0,24.4,57.0,32.7,76.9,12.0
451,Moss High School,Florida,Charter,Elementary,9099.77,86.2,24.5,66.2,63.0,60.5,9.35
452,Cunningham High School,Georgia,Charter,Elementary,8154.29,94.5,19.2,89.6,60.2,74.4,12.29
453,Green Middle School,North Carolina,Private,Middle,8569.4,96.3,24.9,65.5,65.7,89.3,9.56
454,Anderson High School,Pennsylvania,Charter,Middle,10250.37,51.3,20.6,24.8,45.1,87.7,3.58
455,Dennis High School,Ohio,Charter,Middle,23348.72,93.1,28.9,19.3,19.9,97.1,1.26
456,Bishop Middle School,Ohio,Public,Middle,10539.69,44.7,27.2,14.6,44.0,57.5,0.66
457,Mcdowell Elementary School,Ohio,Private,Elementary,15418.75,84.0,26.4,48.4,53.7,67.6,11.59
458,Gibson High School,Georgia,Public,Elementary,7251.77,94.9,10.8,20.0,59.8,69.4,12.78
459,Thompson High School,Pennsylvania,Public,High,23647.13,96.6,27.4,89.2,89.8,91.2,5.39
460,Mckee Middle School,Texas,Charter,Elementary,7314.17,47.2,13.9,52.4,55.0,66.3,14.15
461,Thomas Elementary School,New York,Charter,Middle,22980.07,58.4,19.1,80.9,53.8,96.3,3.37
462,Copeland Middle School,California,Private,High,5928.37,96.8,21.4,87.3,22.8,88.9,9.67
463,Potts Middle School,Texas,Public,High,20838.57,90.4,23.7,70.2,37.6,80.1,8.73
464,Lee Middle School,Florida,Private,Middle,24491.68,58.7,26.2,45.6,84.2,62.7,6.09
465,Woodard High School,Michigan,Private,Elementary,20753.33,70.2,21.6,19.0,40.5,77.8,5.58
466,Lambert High School,Georgia,Private,High,21795.7,93.5,16.2,77.6,57.9,64.2,5.68
467,Kelly Elementary School,Ohio,Private,Elementary,19612.89,47.3,19.8,35.9,57.3,52.7,10.15
468,Richard Elementary School,North Carolina,Public,Elementary,7243.24,41.1,13.1,29.5,86.2,88.4,11.96
469,Lowe Elementary School,New York,Public,High,19831.89,58.3,16.8,89.4,94.7,78.1,0.67
470,Mitchell Elementary School,Georgia,Charter,Elementary,24895.76,62.8,15.3,10.3,9.0,78.4,0.66
471,Campbell High School,New York,Charter,Elementary,16600.84,82.3,18.8,76.7,76.1,98.5,14.69
472,Carr Middle School,California,Charter,Middle,12509.36,59.2,26.8,18.8,58.8,50.5,4.81
473,Carroll Elementary School,Illinois,Charter,Elementary,7138.51,50.9,17.9,94.5,76.3,80.8,2.63
474,Smith Elementary School,Florida,Public,High,15009.82,83.1,27.2,46.8,41.4,58.0,7.91
475,Rodriguez Elementary School,New York,Charter,Elementary,11528.83,46.7,30.0,66.8,73.4,76.1,14.32
476,Giles Elementary School,Michigan,Public,High,11140.85,67.8,10.1,45.8,36.8,99.7,8.35
477,Lopez High School,Michigan,Public,Elementary,8813.09,80.3,10.1,58.1,32.2,81.4,7.0
478,Villa High School,Texas,Public,Elementary,8649.96,96.4,21.1,44.0,51.0,80.6,6.3
479,Guerra Middle School,North Carolina,Public,High,23683.21,56.6,11.3,36.6,6.1,81.8,2.71
480,Jones Elementary School,Ohio,Private,High,23284.76,51.4,28.3,11.4,88.4,97.4,6.56
481,Lee Elementary School,Texas,Public,High,7012.78,95.8,21.0,29.2,58.1,57.4,2.63
482,Bell High School,Florida,Public,Elementary,15823.87,85.3,19.3,18.8,39.5,81.4,5.12
483,Jackson Elementary School,North Carolina,Public,High,22386.16,71.2,19.0,46.3,7.2,87.6,6.46
484,Castro Elementary School,North Carolina,Private,Middle,8362.24,59.1,11.1,25.4,86.2,72.3,7.54
485,Patterson Elementary School,Ohio,Private,Middle,18853.83,97.9,25.8,30.3,32.2,85.4,5.19
486,Rice High School,Illinois,Private,Elementary,7230.65,63.3,22.6,13.3,68.8,93.6,7.7
487,Turner High School,North Carolina,Charter,Elementary,6176.17,61.3,28.2,74.9,88.8,90.2,5.2
488,Hayes Middle School,Illinois,Private,High,10128.18,77.9,21.1,88.2,64.8,93.2,10.18
489,Suarez Middle School,Ohio,Charter,High,8257.66,55.5,25.8,77.5,87.4,56.4,13.16
490,Baker High School,New York,Private,Middle,8014.98,60.0,11.8,76.8,41.9,65.5,0.64
491,Fernandez High School,Ohio,Private,High,16179.94,73.3,15.3,19.3,49.4,83.8,12.47
492,Hogan Elementary School,Illinois,Private,Middle,5883.7,90.1,23.7,10.2,68.3,94.4,13.19
493,Santana High School,Texas,Private,High,9716.5,46.7,17.1,80.0,24.0,52.7,14.28
494,Miller Middle School,Illinois,Public,Elementary,10442.89,98.5,21.9,12.6,34.3,80.4,4.38
495,Smith Elementary School,New York,Charter,Middle,9316.56,47.3,10.8,52.6,7.6,77.6,3.24
496,Jones High School,Illinois,Charter,Middle,22737.04,79.2,10.4,75.6,41.8,56.1,3.63
497,Gonzales Middle School,New York,Charter,High,20071.1,66.7,23.9,22.5,81.8,91.7,11.29
498,Green High School,New York,Public,High,7215.76,77.2,28.0,48.7,48.4,86.4,4.23
499,Smith Elementary School,Ohio,Private,Middle,16365.49,41.2,20.9,92.1,17.8,85.3,6.06
500,Hernandez High School,Ohio,Charter,Middle,5664.88,42.1,17.7,56.8,12.5,79.2,12.33
501,Cervantes Middle School,Illinois,Private,High,22107.28,79.8,10.2,38.3,23.5,86.9,11.65
502,Martinez High School,Florida,Charter,Elementary,13705.49,77.0,27.4,28.3,7.7,68.0,8.09
503,Hunter Elementary School,Illinois,Private,Elementary,7487.38,86.9,19.8,11.0,67.3,50.7,13.7
504,Ponce High School,California,Public,Middle,17376.31,66.0,14.2,74.1,90.5,58.7,11.36
505,Dickson Elementary School,Michigan,Private,High,8588.45,43.4,29.6,48.0,56.9,77.4,3.49
506,Carter Middle School,North Carolina,Private,Middle,19483.87,70.0,13.7,74.2,47.7,93.6,3.98
507,Collins Middle School,Michigan,Charter,Elementary,8926.76,75.6,15.9,35.6,44.1,76.8,6.37
508,Cruz Middle School,Texas,Charter,Middle,9136.39,42.9,26.0,88.5,12.7,57.8,7.15
509,Wagner Elementary School,Ohio,Public,Middle,17460.02,68.7,12.3,70.6,70.3,70.7,11.03
510,Peterson High School,North Carolina,Charter,High,19319.02,86.3,13.9,16.9,30.6,51.5,14.42
511,Hensley Middle School,Pennsylvania,Charter,Elementary,18396.07,82.4,21.3,63.1,43.7,76.5,12.1
512,Smith Elementary School,Florida,Public,High,12295.52,61.9,18.2,38.1,26.6,74.1,13.66
513,Curry Middle School,Georgia,Public,High,19980.84,63.4,15.2,16.7,18.4,71.7,13.16
514,Mercado Elementary School,North Carolina,Private,High,7794.44,78.0,29.5,41.0,65.1,74.3,7.62
515,Mendez Middle School,Illinois,Private,High,6712.11,54.7,26.9,25.7,47.4,60.0,5.58
516,Powell Elementary School,Ohio,Charter,High,22563.27,45.4,14.2,79.0,83.1,74.4,10.01
517,Hampton Middle School,Florida,Private,Elementary,15236.52,43.3,23.7,13.0,19.1,71.1,2.92
518,Schultz Middle School,Texas,Public,Elementary,5901.92,55.2,24.7,11.0,77.0,64.5,7.62
519,Mendoza Middle School,Florida,Charter,High,22177.28,54.5,13.0,65.6,79.8,79.1,3.53
520,Thomas Middle School,Texas,Private,High,17262.97,49.7,24.9,84.4,65.5,61.8,12.54
521,Stevens Middle School,Ohio,Private,Elementary,17356.53,82.1,11.6,14.9,56.6,54.9,5.05
522,Foster Elementary School,Texas,Public,High,22895.34,57.6,25.5,45.5,63.2,53.8,8.03
523,Martin Middle School,California,Private,Elementary,20741.08,86.3,28.8,58.6,81.3,86.3,10.99
524,Schroeder Middle School,Georgia,Public,High,23784.47,86.2,23.7,36.0,68.9,80.9,3.0
525,Lucas High School,California,Charter,Middle,6395.51,72.3,19.7,85.8,22.4,88.4,10.58
526,Sweeney Elementary School,New York,Private,High,7964.41,94.5,26.5,36.4,88.1,53.4,1.81
527,Miller Elementary School,New York,Private,Middle,14667.99,40.9,23.8,27.4,83.7,81.0,3.27
528,Williams Elementary School,New York,Private,Elementary,16355.89,56.2,23.0,53.7,55.9,78.7,10.68
529,Houston Elementary School,Ohio,Public,Middle,15207.97,83.1,13.8,17.4,80.0,61.4,3.36
530,Evans Elementary School,Florida,Charter,High,14713.27,80.4,26.2,94.9,39.6,81.0,6.95
531,Hopkins High School,New York,Private,High,23305.84,68.2,18.6,60.9,82.7,51.4,10.83
532,Mccoy Middle School,Pennsylvania,Charter,Elementary,22658.61,73.8,26.2,44.8,65.1,71.4,9.73
533,Wolfe Elementary School,Texas,Private,Middle,8881.62,98.2,11.4,86.8,57.7,73.7,6.51
534,Sweeney High School,Illinois,Public,High,7961.54,80.9,18.6,48.1,71.2,62.4,1.21
535,Howard High School,Ohio,Charter,Elementary,13048.54,79.3,22.4,30.2,55.1,76.3,12.28
536,Horn Middle School,Florida,Public,Elementary,21000.4,83.7,20.7,19.3,69.0,74.4,12.41
537,Walsh Elementary School,New York,Public,Middle,11314.29,45.1,27.0,45.3,86.9,78.7,14.17
538,Abbott High School,California,Private,Elementary,24391.42,77.9,12.0,78.8,58.2,75.9,3.96
539,Garcia High School,New York,Public,Middle,10273.32,57.7,18.8,54.1,80.6,58.2,4.15
540,Martinez Middle School,North Carolina,Charter,High,24453.33,47.1,24.0,38.6,37.9,82.8,13.19
541,Ponce Middle School,Michigan,Private,Middle,14253.69,75.6,17.5,78.5,65.8,58.3,2.29
542,Thompson Elementary School,Ohio,Charter,Middle,10422.95,48.3,16.7,84.1,51.7,94.6,14.34
543,Rogers Elementary School,Georgia,Charter,High,10379.77,73.3,16.2,20.6,26.8,50.3,9.71
544,Diaz High School,Michigan,Private,High,5360.83,51.7,15.2,24.8,90.5,80.5,1.38
545,Richardson Elementary School,New York,Private,High,14951.05,68.2,14.9,84.3,43.4,53.0,5.2
546,Fisher Middle School,California,Charter,Middle,23198.11,66.7,29.2,35.4,38.7,82.5,6.27
547,Wells High School,Ohio,Private,Elementary,18941.6,51.5,25.1,53.1,42.0,68.2,12.47
548,Donaldson Elementary School,Texas,Public,Elementary,9772.35,68.9,26.3,26.3,39.1,50.4,13.72
549,Patrick Elementary School,California,Private,Elementary,22742.65,87.5,21.7,16.3,39.4,83.8,3.32
550,Wall High School,Texas,Public,High,16853.7,59.9,13.1,40.3,92.9,52.3,3.84
551,Sanchez High School,New York,Charter,Elementary,21935.74,88.9,28.8,44.7,29.3,81.0,13.49
552,Brown Elementary School,Ohio,Public,High,15562.27,40.5,10.5,84.2,59.1,67.1,11.05
553,Walters Middle School,Georgia,Private,Middle,24158.05,62.9,19.8,36.1,33.9,78.8,12.81
554,Diaz Elementary School,Ohio,Charter,Elementary,7556.05,64.5,20.4,76.7,12.5,78.1,3.01
555,Strong Elementary School,Georgia,Private,Elementary,17592.28,56.4,26.9,81.6,63.9,76.0,13.79
556,Barrera High School,Pennsylvania,Public,Middle,16969.88,45.2,21.9,90.1,34.8,61.6,11.34
557,Rice Middle School,Pennsylvania,Public,High,21368.94,53.8,11.2,75.7,63.4,82.2,5.15
558,Stone Elementary School,Florida,Public,High,16441.31,57.3,28.1,63.5,38.9,89.4,3.14
559,Moss Elementary School,Florida,Charter,Elementary,15765.31,40.9,23.5,37.7,75.4,69.3,12.93
560,Cohen Elementary School,Ohio,Charter,High,19511.97,52.3,15.2,89.1,91.3,95.3,4.05
561,Pope Middle School,North Carolina,Private,Middle,18980.84,92.9,28.5,31.9,7.7,93.0,5.53
562,Kidd Middle School,New York,Charter,Elementary,19492.29,92.2,25.9,68.5,5.1,51.2,10.49
563,Garner High School,Illinois,Private,Middle,6181.26,57.5,20.6,43.3,46.9,100.0,4.05
564,Hall High School,North Carolina,Private,Elementary,8365.77,86.4,21.8,29.4,14.5,99.6,0.96
565,Spencer Elementary School,Texas,Public,Middle,5675.25,95.0,17.3,61.7,50.6,84.7,13.7
566,Smith Middle School,Pennsylvania,Private,Middle,21193.26,71.1,25.5,91.0,88.2,90.8,6.16
567,Rodriguez Middle School,Georgia,Charter,High,24739.15,71.8,15.3,87.0,72.6,83.3,2.53
568,Hernandez Elementary School,Michigan,Private,High,21016.89,41.6,12.0,42.5,86.7,92.5,12.6
569,Parker Middle School,Georgia,Private,High,10167.94,84.5,11.4,54.9,11.8,71.5,0.87
570,Hill High School,Illinois,Charter,High,17127.44,53.1,29.2,55.6,73.9,92.0,1.46
571,Boyd Middle School,Michigan,Private,Middle,15685.52,96.7,28.7,20.5,91.5,54.9,0.91
572,Martin Elementary School,Texas,Private,Middle,15104.98,92.6,16.9,50.6,49.9,74.8,9.61
573,Perez Middle School,Michigan,Private,Middle,7496.69,66.2,13.7,87.5,92.9,90.1,11.13
574,Vazquez Middle School,North Carolina,Public,Elementary,18587.73,74.5,27.9,16.1,41.7,72.9,1.85
575,Patel High School,North Carolina,Public,Elementary,17026.8,86.1,24.1,90.7,7.4,72.6,0.62
576,Sawyer High School,Michigan,Private,Middle,23266.81,96.4,25.1,74.0,83.1,68.3,4.3
577,Gilbert Elementary School,Michigan,Charter,Middle,7886.68,70.6,22.7,48.1,45.7,91.1,14.61
578,Juarez Elementary School,California,Private,High,18027.26,96.7,24.9,78.6,30.6,91.8,11.45
579,Kaufman Elementary School,New York,Private,Elementary,15178.78,60.6,18.3,49.0,54.3,56.7,5.81
580,Garcia Elementary School,Texas,Charter,Elementary,24540.9,90.5,24.9,41.4,14.7,89.4,4.76
581,Smith Middle School,Georgia,Private,High,12624.09,42.4,12.3,45.5,16.2,61.3,13.58
582,Rodriguez High School,Ohio,Public,High,9551.58,77.1,22.0,46.6,46.7,82.1,1.13
583,Scott High School,Texas,Public,High,5557.04,84.7,26.8,60.8,87.0,66.5,0.71
584,Wilson Elementary School,Michigan,Private,Elementary,21985.55,86.4,16.3,32.1,50.2,74.5,7.36
585,Benson High School,Texas,Charter,High,16795.47,60.5,27.3,44.6,9.2,97.1,6.36
586,Tanner Middle School,Michigan,Public,Elementary,24643.68,45.9,29.2,49.6,90.5,82.5,12.9
587,Clay Middle School,Florida,Charter,Elementary,19588.2,48.8,17.7,18.4,24.3,68.1,3.87
588,Green Middle School,Texas,Public,High,11152.11,74.5,23.0,50.8,55.1,94.4,11.1
589,Tucker Elementary School,Georgia,Private,Middle,6794.44,49.0,11.3,48.8,71.0,66.0,14.61
590,Jackson Middle School,Texas,Private,High,15986.0,64.1,23.3,21.3,67.6,51.7,13.4
591,Donaldson Middle School,Michigan,Private,Elementary,6852.91,68.8,15.5,83.9,56.2,58.4,9.55
592,Gallegos Middle School,Florida,Public,Elementary,17125.75,71.9,23.3,48.1,73.4,82.7,13.16
593,Short Elementary School,Texas,Charter,Middle,8044.86,63.7,15.3,39.9,52.6,95.0,12.37
594,Martin Middle School,Texas,Private,High,5934.15,60.3,26.2,48.5,55.5,81.3,8.18
595,Morgan Elementary School,New York,Public,Elementary,17817.89,92.5,19.2,53.4,38.0,65.7,14.1
596,Huff Middle School,Florida,Public,Elementary,11360.92,51.5,27.2,12.7,93.3,68.9,2.56
597,Ortiz High School,Ohio,Private,High,24702.86,73.3,22.0,21.8,67.5,61.6,1.18
598,Young Middle School,Florida,Public,Middle,15878.01,44.3,28.6,83.6,55.0,90.2,1.25
599,Johnson High School,Illinois,Private,Middle,11880.67,74.8,11.4,52.8,6.3,99.6,14.67
600,Walker High School,Illinois,Charter,High,21353.04,84.8,15.0,75.4,10.2,87.5,3.91
601,King Elementary School,Florida,Public,High,6672.14,78.6,21.0,11.2,77.9,81.0,9.57
602,Payne Elementary School,Florida,Public,Elementary,10947.39,96.8,28.0,65.8,7.5,99.4,13.38
603,Bailey Middle School,Georgia,Charter,Elementary,8276.1,59.7,12.7,23.9,32.4,77.1,13.66
604,Sherman High School,Pennsylvania,Charter,High,19997.83,47.8,16.0,85.0,55.7,84.7,14.65
605,Simpson Middle School,Ohio,Charter,Middle,13436.12,55.3,23.3,26.9,24.5,58.8,7.09
606,Herrera Middle School,Texas,Public,Middle,23848.15,84.6,10.6,34.7,24.4,65.9,11.23
607,Ray Elementary School,Pennsylvania,Private,Middle,19833.66,74.7,11.3,63.2,70.3,51.8,12.85
608,Russell High School,New York,Public,High,15946.73,82.2,17.7,15.9,45.3,70.9,10.9
609,Thompson Middle School,California,Public,Elementary,21277.18,91.1,25.8,17.6,67.0,54.0,12.22
610,Marshall High School,Ohio,Charter,Middle,5611.5,54.4,14.1,44.3,50.5,90.5,10.2
611,Brown Elementary School,Illinois,Public,Elementary,21114.49,42.6,21.7,87.5,48.4,96.9,4.05
612,Moss Elementary School,Illinois,Charter,Middle,19867.04,51.0,18.4,33.1,43.9,51.4,3.84
613,Hood Middle School,Florida,Public,High,12569.89,88.4,17.6,36.7,86.5,93.0,7.63
614,Brown Middle School,North Carolina,Charter,Middle,5036.13,41.1,26.2,60.9,75.0,95.9,0.56
615,Cooke Elementary School,Texas,Private,Middle,24492.1,83.4,17.5,71.8,83.1,92.0,8.16
616,Williams Elementary School,California,Charter,Elementary,22025.13,75.3,12.8,87.8,61.1,94.0,13.52
617,Smith Middle School,Ohio,Public,Middle,6815.96,89.7,14.0,56.3,62.7,56.5,3.42
618,Gonzalez High School,New York,Private,High,22589.03,57.2,15.9,14.8,94.5,76.3,11.98
619,Hudson High School,Michigan,Private,Middle,11060.5,96.7,20.0,62.9,63.2,86.6,7.94
620,Gay Middle School,North Carolina,Private,High,9267.77,58.7,15.7,16.3,55.9,91.4,6.36
621,Flores Middle School,New York,Charter,Elementary,19996.34,41.2,14.0,46.6,18.4,80.0,1.09
622,Ramos Middle School,North Carolina,Charter,Middle,21648.82,73.5,28.2,51.7,21.7,53.7,13.59
623,Williams Elementary School,Michigan,Public,Elementary,12661.46,90.4,25.7,38.7,48.4,94.3,2.07
624,Medina Elementary School,Ohio,Public,High,13510.04,45.3,18.9,35.2,12.9,76.9,13.68
625,Crawford Elementary School,California,Public,High,8225.48,51.2,24.2,66.8,55.5,64.2,2.16
626,Bridges Elementary School,Georgia,Public,High,17564.01,64.9,15.9,33.4,22.6,81.2,5.84
627,Reed Middle School,North Carolina,Charter,Elementary,20819.92,46.0,16.0,55.9,40.2,52.0,3.95
628,James High School,Illinois,Charter,Middle,18704.15,82.9,12.8,11.4,14.1,88.8,13.73
629,Duran High School,California,Public,Middle,23672.47,97.2,20.7,76.6,59.3,79.6,11.98
630,Schmidt Middle School,Texas,Private,Middle,19281.68,68.8,20.9,76.4,94.6,59.4,7.76
631,Salazar Middle School,Texas,Public,Elementary,15527.4,42.2,17.3,80.4,53.7,65.3,6.05
632,Estrada Middle School,Florida,Private,High,14011.98,86.0,15.2,16.6,89.1,60.8,9.55
633,Jones Middle School,Michigan,Public,High,6429.0,81.0,24.0,42.1,85.3,63.0,11.61
634,Montgomery High School,North Carolina,Private,High,19890.29,44.1,21.2,71.0,31.8,50.4,10.4
635,Jackson Elementary School,Michigan,Charter,High,22400.32,94.5,10.4,91.6,55.4,62.0,4.87
636,Harris Elementary School,Georgia,Charter,Middle,24533.7,80.9,16.4,59.8,94.7,91.4,10.64
637,Russell Middle School,California,Charter,High,16921.39,40.3,15.2,71.2,72.3,93.6,2.66
638,Strickland Elementary School,Illinois,Charter,Elementary,12580.37,51.6,25.0,15.5,49.0,55.4,4.25
639,Porter Middle School,New York,Private,High,21824.91,68.0,12.8,15.7,47.7,51.3,12.6
640,Lewis Elementary School,California,Public,Elementary,22814.68,56.6,10.2,32.0,79.7,88.7,10.94
641,Garrett High School,Ohio,Public,High,21898.02,83.1,28.1,61.4,57.1,63.4,2.16
642,Thompson Elementary School,Illinois,Public,High,18790.12,49.4,16.4,68.3,5.9,58.1,0.68
643,Robles Middle School,California,Public,Middle,15474.18,68.6,13.4,61.7,53.5,56.3,13.4
644,Collins Middle School,Georgia,Private,Middle,10805.01,71.9,27.4,55.3,48.5,97.3,13.74
645,Ibarra High School,Georgia,Charter,Elementary,13074.9,54.1,17.5,73.5,58.1,95.4,11.63
646,Taylor High School,North Carolina,Private,Elementary,16298.02,75.9,26.3,61.4,60.0,56.2,4.78
647,Martinez High School,Texas,Private,Middle,8040.55,69.5,28.1,63.2,93.2,97.0,8.15
648,Hayes Elementary School,Texas,Charter,High,21529.9,52.2,12.5,91.6,24.7,96.6,5.71
649,Copeland Elementary School,California,Private,High,19617.44,50.5,14.0,45.1,41.9,61.0,10.29
650,Estrada Elementary School,California,Charter,Elementary,19772.47,48.2,29.2,32.2,65.8,77.8,4.06
651,Lewis Middle School,Florida,Private,Middle,17981.18,63.7,25.4,84.2,59.1,83.0,1.22
652,Flores High School,Illinois,Charter,High,21396.45,66.8,14.8,25.1,9.7,63.6,6.82
653,Olson Middle School,Ohio,Private,Middle,9336.24,53.0,29.8,16.9,48.6,89.1,11.49
654,Rodriguez High School,Ohio,Charter,Elementary,23706.02,77.6,19.1,48.0,31.3,81.4,3.6
655,Brown High School,North Carolina,Public,Middle,19150.04,95.9,14.4,35.2,10.9,57.7,10.99
656,Taylor Middle School,New York,Private,Elementary,13518.15,82.1,13.6,77.0,10.9,51.4,14.0
657,Cook Middle School,Michigan,Public,High,13214.73,47.1,28.6,58.7,88.1,87.9,10.34
658,King Elementary School,Florida,Private,Elementary,11618.59,89.6,14.9,76.3,60.6,73.6,6.23
659,Vasquez Middle School,New York,Public,Middle,11296.11,48.8,12.8,45.0,79.9,64.5,1.62
660,Perry High School,Georgia,Private,Middle,12574.16,71.5,22.3,57.6,85.1,90.4,8.95
661,Howard High School,Michigan,Charter,Elementary,23231.52,91.5,23.0,77.0,54.6,94.9,14.43
662,Johnson High School,Texas,Charter,High,14722.07,69.7,27.5,28.7,21.1,79.1,8.1
663,Vazquez Elementary School,New York,Public,Elementary,8739.23,47.5,24.6,79.3,13.6,76.7,9.31
664,Gilbert High School,California,Public,Middle,23023.41,94.6,18.1,50.9,52.5,79.8,3.49
665,Jones High School,Florida,Charter,Elementary,18622.82,97.4,14.3,40.9,33.8,55.2,3.06
666,Gomez Elementary School,Georgia,Private,Elementary,13137.96,88.5,22.1,82.4,26.8,72.8,9.16
667,Glover Elementary School,Texas,Public,High,18129.79,92.3,14.9,59.2,94.7,57.4,1.13
668,Green Middle School,Ohio,Charter,Elementary,21341.55,56.3,10.5,80.6,75.0,74.2,11.25
669,Krueger Middle School,Michigan,Private,High,9747.71,47.2,29.4,14.8,15.1,97.8,14.41
670,Byrd Middle School,North Carolina,Private,High,7292.48,96.7,23.5,49.5,57.6,80.5,5.17
671,Williams Middle School,Illinois,Public,Middle,16143.85,69.5,22.7,78.2,56.3,54.7,2.45
672,Lee Elementary School,Texas,Private,High,8963.37,99.0,15.0,16.4,78.4,78.5,2.65
673,Newman Elementary School,North Carolina,Public,High,23961.1,92.3,29.3,22.2,61.9,76.1,5.54
674,Lee Middle School,California,Public,Elementary,6721.91,99.8,10.1,43.4,48.3,69.4,3.41
675,Melton Middle School,Ohio,Public,High,9632.48,99.8,21.7,17.5,26.6,73.6,9.51
676,Massey Middle School,Georgia,Public,High,22534.13,77.0,22.0,53.4,20.8,98.4,1.73
677,Moyer Middle School,Michigan,Charter,High,15446.53,78.0,29.4,47.7,57.0,90.6,4.01
678,Yoder Elementary School,Michigan,Private,Middle,18459.54,90.7,14.0,81.8,65.4,52.7,10.32
679,Conway Middle School,Florida,Private,Middle,5635.94,65.6,16.7,57.7,17.2,84.2,14.47
680,Moore Middle School,North Carolina,Public,High,11340.88,42.4,14.7,61.2,46.6,62.5,4.33
681,Hernandez High School,New York,Private,Elementary,22010.51,63.5,27.4,59.9,13.9,96.5,10.11
682,Watkins High School,New York,Public,High,23783.56,53.5,24.3,55.4,72.9,62.2,9.04
683,Hall High School,Texas,Public,High,17487.74,73.7,24.5,27.2,35.6,77.3,9.91
684,Nicholson Middle School,Texas,Public,Elementary,24864.7,62.4,14.4,67.9,65.7,56.5,2.69
685,Warren Middle School,Florida,Private,High,19064.09,78.3,11.6,61.9,11.0,82.4,7.31
686,Bauer High School,Ohio,Private,Elementary,17791.31,48.2,21.8,89.2,9.7,54.0,9.06
687,Campbell Elementary School,Ohio,Private,High,14008.17,49.3,12.2,50.5,90.7,87.2,8.62
688,Johnson High School,California,Public,High,22924.8,82.2,12.8,64.7,75.3,83.9,10.52
689,Armstrong Elementary School,Ohio,Private,Elementary,6975.95,69.8,25.7,43.6,27.7,54.5,10.5
690,Schultz High School,North Carolina,Charter,Middle,6516.58,42.2,22.6,32.4,60.0,79.6,9.52
691,Ingram Elementary School,Illinois,Private,Middle,5526.79,72.2,15.3,69.9,36.9,67.1,11.95
692,Allen High School,New York,Private,Middle,24335.22,82.8,18.7,52.5,58.5,89.8,1.23
693,Mayer High School,Illinois,Private,High,20829.1,46.9,16.8,88.4,61.8,66.4,9.51
694,Lopez Elementary School,Texas,Charter,High,9036.67,89.9,13.3,79.3,56.9,85.5,12.35
695,Smith Middle School,New York,Charter,High,15462.82,85.2,22.3,71.9,31.4,96.0,6.73
696,King Middle School,Ohio,Private,Middle,6934.54,89.6,10.7,53.5,57.7,54.2,2.12
697,Miller Elementary School,California,Charter,Elementary,18039.27,99.6,19.3,15.8,81.5,62.4,1.49
698,Marshall Middle School,Pennsylvania,Charter,High,9611.13,78.1,27.3,15.7,35.8,73.2,0.62
699,Adkins Elementary School,California,Private,Elementary,20925.91,89.1,13.5,87.2,54.9,69.3,3.83
700,Roberts Elementary School,Georgia,Private,Elementary,7741.87,79.2,12.0,13.2,29.6,56.7,12.03
701,Dickerson Middle School,Michigan,Public,High,5073.28,79.1,19.8,52.9,56.3,95.4,3.22
702,Marsh High School,Ohio,Private,High,17092.9,82.2,14.3,29.5,5.1,80.9,8.27
703,Davis Middle School,Texas,Charter,Middle,6879.91,61.7,19.3,85.1,13.1,95.4,14.18
704,White Elementary School,Ohio,Public,High,22187.46,69.4,23.9,51.5,43.9,98.4,7.23
705,Johnson High School,Illinois,Public,Elementary,5813.21,71.4,26.7,10.3,33.7,87.3,8.0
706,Short High School,California,Public,Middle,23861.46,85.4,10.4,70.3,53.3,85.6,9.99
707,Martinez Elementary School,California,Private,Elementary,12807.55,74.6,13.7,10.3,62.0,76.9,11.07
708,Jordan Elementary School,California,Private,Elementary,13691.27,66.0,25.1,51.0,37.8,88.6,11.47
709,Nichols High School,Florida,Private,Middle,12467.68,69.7,12.3,15.9,8.5,80.1,5.11
710,Johnson Elementary School,Pennsylvania,Private,Elementary,20814.24,48.0,11.8,72.7,93.0,63.9,1.81
711,Castro Middle School,Georgia,Public,High,10819.98,80.1,29.3,90.4,26.9,71.9,1.11
712,Schmidt High School,New York,Private,Middle,18101.72,71.8,26.9,57.2,43.4,69.0,5.94
713,Parks Middle School,Georgia,Private,Middle,14851.28,72.6,12.1,30.6,30.2,52.5,3.65
714,Moody Middle School,Texas,Private,Middle,10618.98,92.0,10.0,61.4,15.6,61.5,3.1
715,Munoz Elementary School,Pennsylvania,Public,Elementary,9059.75,84.3,10.8,49.9,23.8,52.2,3.06
716,Horton Elementary School,Michigan,Charter,Elementary,15696.28,49.7,21.6,60.8,59.8,87.4,3.71
717,Cain Elementary School,Ohio,Charter,Elementary,21572.96,52.0,25.7,38.8,47.0,73.7,3.66
718,Johnson Elementary School,California,Charter,Middle,7316.46,91.7,27.9,19.5,20.9,77.0,2.91
719,Anderson High School,Georgia,Charter,High,13078.91,64.9,27.4,39.3,48.2,95.7,5.57
720,Mays Elementary School,North Carolina,Private,Middle,18735.52,80.8,15.9,83.1,36.0,67.1,7.7
721,Johnson High School,Illinois,Charter,High,8084.24,59.9,25.8,34.8,19.0,96.5,8.32
722,Cooper High School,California,Charter,High,18473.01,92.3,25.2,14.2,35.9,67.6,5.23
723,Chan Middle School,Texas,Private,Elementary,18311.57,46.2,19.9,78.2,40.6,81.0,13.76
724,Cunningham Middle School,Pennsylvania,Charter,Elementary,10297.04,51.4,21.4,17.5,51.4,52.9,7.67
725,Moreno Elementary School,California,Charter,Middle,16083.28,59.4,25.7,45.1,59.9,81.1,9.84
726,Wallace High School,Illinois,Private,Elementary,20166.99,80.3,27.0,52.8,27.9,70.8,10.79
727,Mendoza High School,Illinois,Public,High,21077.05,81.4,27.3,72.7,77.7,70.0,11.72
728,Roth Middle School,Ohio,Private,High,12536.09,61.4,12.4,91.1,40.3,64.1,1.51
729,Herrera High School,Florida,Public,Elementary,9510.39,81.9,29.3,59.6,74.9,97.1,7.31
730,Reyes High School,New York,Charter,Elementary,24922.85,58.4,29.1,45.3,24.2,100.0,14.51
731,Wall Middle School,Georgia,Private,Middle,7800.82,40.5,22.3,62.9,17.9,64.9,3.78
732,Smith Middle School,North Carolina,Charter,Elementary,20107.43,80.2,10.4,42.9,29.3,65.5,3.77
733,Griffin Elementary School,New York,Public,Middle,9401.94,86.2,20.5,51.5,33.6,56.0,3.3
734,Walsh Elementary School,Ohio,Charter,Elementary,20483.36,40.4,20.0,73.5,46.2,64.5,11.5
735,Hanson Middle School,Pennsylvania,Charter,Elementary,20276.76,51.3,28.9,36.4,21.2,60.5,11.89
736,Dodson Middle School,Georgia,Private,Elementary,7874.76,75.8,13.4,17.1,31.8,80.4,9.44
737,Moore Middle School,Florida,Charter,Elementary,22776.05,41.5,17.8,77.6,64.3,79.4,4.56
738,Coleman Elementary School,Ohio,Charter,High,5426.77,89.8,21.7,75.0,20.8,76.5,13.35
739,Cox Middle School,Georgia,Private,Middle,13169.93,44.2,17.4,80.9,50.0,76.6,9.27
740,Rhodes High School,Illinois,Public,Middle,5349.32,61.6,25.9,28.7,37.2,53.7,4.55
741,Mack Elementary School,Michigan,Private,Middle,10012.77,41.3,26.0,33.4,47.6,91.4,14.94
742,Warren High School,Ohio,Public,High,21720.19,93.5,15.2,37.8,88.8,87.4,13.19
743,Davis Elementary School,Illinois,Charter,High,16668.52,62.9,21.4,74.3,58.2,87.5,13.83
744,Terry Middle School,Pennsylvania,Charter,Elementary,9093.76,61.6,12.8,54.4,48.4,78.3,7.88
745,Best Elementary School,Florida,Private,Elementary,23796.79,64.1,17.4,68.1,26.5,72.4,5.46
746,Adkins Elementary School,Ohio,Charter,High,12796.86,43.3,10.4,93.0,47.7,52.9,1.82
747,Maynard Middle School,Texas,Charter,High,21695.65,71.9,21.0,25.2,73.2,74.7,3.94
748,Coleman Middle School,North Carolina,Charter,High,23980.01,47.8,20.2,67.6,75.2,61.9,1.43
749,Crawford Elementary School,Georgia,Charter,Elementary,18328.9,55.2,15.1,87.6,50.9,89.2,1.89
750,Dean Elementary School,Florida,Private,Middle,19137.66,53.8,10.7,94.1,81.6,93.4,13.48
751,Morton Middle School,Ohio,Charter,Middle,6434.33,93.8,26.8,72.9,45.3,79.0,1.19
752,Hernandez Elementary School,North Carolina,Private,High,6293.02,43.7,29.2,53.7,23.1,95.1,3.26
753,Williams Elementary School,North Carolina,Private,High,16756.21,98.5,26.2,47.4,70.6,80.6,6.16
754,Pineda Elementary School,Ohio,Charter,Elementary,12068.6,88.6,16.6,46.6,41.9,99.9,14.72
755,Ramirez Elementary School,Florida,Private,Elementary,11967.01,87.1,26.7,84.8,13.0,89.6,3.82
756,Rodriguez Middle School,Texas,Charter,High,20136.95,64.9,17.5,25.9,68.1,92.4,11.28
757,Rodriguez Elementary School,Florida,Public,High,16615.54,43.2,24.7,59.1,84.3,68.1,4.68
758,Bates High School,Michigan,Private,Elementary,7551.26,47.9,12.4,73.1,16.1,59.0,10.38
759,Barnes Middle School,Texas,Public,High,5012.97,48.5,12.2,70.1,19.5,77.0,2.72
760,Hawkins Middle School,Texas,Public,Elementary,5992.29,78.2,23.8,44.8,38.7,66.7,10.17
761,Mitchell Middle School,Pennsylvania,Charter,High,21954.31,92.9,16.4,10.2,46.0,69.5,8.81
762,Williams Middle School,Texas,Public,Elementary,10604.13,84.3,29.9,11.1,35.1,66.8,7.4
763,Daniel High School,Michigan,Private,Elementary,10374.24,46.2,12.3,68.6,38.0,99.9,5.36
764,Barker Middle School,Texas,Private,Elementary,20259.76,92.9,13.1,75.3,89.9,63.8,7.55
765,Taylor Middle School,Ohio,Charter,Middle,21980.48,44.2,12.5,70.8,6.8,91.2,7.59
766,King High School,New York,Public,Middle,15695.71,56.9,17.2,49.4,83.3,98.1,4.39
767,Vaughn High School,North Carolina,Public,Elementary,15299.65,58.7,10.9,72.7,11.2,66.1,10.59
768,Campbell Elementary School,North Carolina,Public,Elementary,12561.65,82.2,28.8,25.9,62.4,67.0,11.0
769,Smith High School,Texas,Public,Elementary,19044.08,48.0,12.4,88.0,16.3,61.4,7.34
770,Bartlett Elementary School,Florida,Public,High,9315.84,85.5,19.8,22.7,52.2,52.6,6.27
771,Fields High School,Michigan,Charter,High,5284.34,85.3,14.3,93.3,76.9,83.9,10.89
772,Salinas Elementary School,Florida,Charter,Middle,11150.33,62.2,23.3,21.4,65.6,75.3,5.95
773,Barrett Middle School,Ohio,Public,Elementary,20194.4,67.6,17.0,54.4,59.2,68.7,3.58
774,Martin Elementary School,Georgia,Public,Middle,24698.58,91.0,29.4,32.8,18.0,59.8,8.17
775,Coleman Elementary School,Texas,Charter,Middle,18756.66,46.3,18.3,77.2,8.2,73.3,10.54
776,Frazier Middle School,Florida,Private,Middle,18537.68,59.3,10.6,67.6,89.8,91.8,3.52
777,Pope Middle School,Texas,Charter,High,18634.95,76.5,11.4,49.0,75.9,92.8,1.48
778,Price High School,Georgia,Charter,Elementary,13650.99,51.7,16.6,36.6,40.5,75.8,12.28
779,Soto Elementary School,Texas,Public,High,14749.42,79.0,16.1,57.5,20.6,73.9,0.74
780,Carpenter Elementary School,Texas,Private,Middle,15301.67,74.2,14.3,24.2,45.5,63.5,1.22
781,Smith Elementary School,Georgia,Charter,Elementary,14688.29,70.5,11.5,87.7,13.5,97.1,4.87
782,Bennett Elementary School,Florida,Private,High,20599.08,84.8,27.1,59.6,28.3,82.3,4.66
783,Ward Elementary School,Illinois,Private,Middle,21072.23,95.7,16.3,52.9,88.5,76.0,8.53
784,Scott High School,Illinois,Public,Middle,14402.65,96.6,14.8,27.1,13.2,70.5,12.19
785,Lopez High School,Texas,Private,Elementary,6490.93,48.0,14.0,81.8,51.5,84.5,14.78
786,Adams Elementary School,Georgia,Public,Elementary,17372.59,45.0,25.4,66.8,41.6,71.8,1.74
787,Sherman Elementary School,Michigan,Public,High,14834.83,57.5,12.4,62.3,90.5,67.5,2.96
788,Nguyen Elementary School,Illinois,Private,High,11838.63,60.6,24.8,87.9,92.9,92.3,14.71
789,Francis Elementary School,Georgia,Charter,Elementary,5292.17,65.4,21.1,71.4,16.2,68.6,11.15
790,Johnson Middle School,Michigan,Private,Elementary,13184.84,78.1,14.6,49.7,60.0,73.5,5.94
791,Davis High School,Pennsylvania,Charter,High,24807.06,44.4,17.6,25.4,56.7,59.4,14.65
792,Garcia Middle School,Pennsylvania,Charter,Middle,18513.04,42.7,24.2,19.4,64.2,54.2,7.68
793,Mcbride Middle School,Ohio,Public,High,10827.48,54.7,10.9,50.1,70.8,73.5,8.61
794,Peterson Middle School,North Carolina,Public,Elementary,10617.23,42.0,19.6,62.3,93.4,97.5,7.51
795,Walker Elementary School,Georgia,Public,Elementary,14245.78,62.1,21.6,78.9,27.5,68.7,4.15
796,Robles Middle School,Georgia,Public,Elementary,22130.92,70.5,25.6,32.1,13.9,50.7,3.27
797,Kelly Middle School,California,Public,Middle,10080.15,57.4,16.8,60.6,40.2,95.4,1.21
798,Jones High School,Pennsylvania,Public,High,12233.55,66.7,22.2,91.2,39.4,56.6,1.04
799,Reeves High School,California,Charter,Elementary,9228.96,82.4,13.2,32.4,33.5,91.0,4.86
800,Wilson Middle School,Illinois,Private,Middle,6616.41,84.5,20.3,60.9,77.1,78.7,13.7
801,Coleman Elementary School,California,Charter,Elementary,8097.28,98.3,24.3,73.5,39.1,65.9,5.01
802,Donaldson Elementary School,Michigan,Charter,High,17521.06,40.8,20.6,66.7,8.4,60.3,10.88
803,Patton High School,Florida,Public,Elementary,21347.79,47.8,14.6,33.3,71.4,78.1,10.77
804,Cross Middle School,North Carolina,Private,High,12504.64,42.5,29.1,55.6,18.0,94.3,12.98
805,Oliver Elementary School,Texas,Charter,High,8727.32,61.6,13.7,75.8,18.3,68.7,7.8
806,Wilkinson Elementary School,Pennsylvania,Charter,High,5028.53,75.3,26.1,11.9,63.4,64.2,13.34
807,Reynolds High School,New York,Private,Middle,20641.87,99.5,14.0,51.6,88.2,86.2,14.24
808,Bonilla High School,California,Private,Middle,7479.13,74.7,13.0,70.2,30.8,89.6,13.99
809,Guzman Middle School,North Carolina,Private,Elementary,24000.94,93.1,24.6,54.9,41.5,82.5,1.02
810,Davis High School,Michigan,Charter,Middle,20185.79,98.0,13.6,57.6,68.6,65.0,12.3
811,Stephens High School,Georgia,Public,Middle,15817.99,56.9,13.6,28.8,91.1,75.2,11.74
812,Jones Elementary School,Michigan,Public,Middle,7174.01,80.2,22.9,63.1,46.2,98.5,5.8
813,Foster High School,Michigan,Private,Middle,23419.35,52.3,19.0,37.0,11.2,56.6,2.69
814,Johnson Middle School,Illinois,Private,High,12704.62,42.7,21.0,63.7,32.6,53.2,9.62
815,English Middle School,Illinois,Private,High,8405.16,50.9,22.6,88.7,94.9,91.6,5.58
816,Hansen High School,Michigan,Private,Elementary,16344.78,41.5,14.0,87.3,74.8,57.4,8.4
817,Williams High School,Georgia,Public,Middle,18579.7,49.8,25.4,69.7,83.4,82.4,6.63
818,Moore Elementary School,North Carolina,Charter,Elementary,6709.35,61.8,12.5,64.4,69.3,77.9,6.65
819,Hughes Elementary School,California,Charter,High,7680.31,81.9,13.3,62.9,67.6,50.8,2.8
820,Rivers Middle School,Georgia,Charter,Middle,17958.56,76.8,25.3,35.5,56.6,83.6,7.44
821,Bright Middle School,Pennsylvania,Charter,High,11358.76,56.8,29.8,20.0,55.0,64.5,14.72
822,Fuller Elementary School,Texas,Charter,Middle,9948.5,83.6,25.2,31.0,42.0,74.7,11.97
823,Craig Elementary School,Ohio,Private,Middle,18648.87,41.0,29.9,12.2,52.4,96.6,1.01
824,Hernandez Elementary School,Florida,Private,Elementary,18473.37,88.1,11.3,45.9,36.6,65.1,11.18
825,Johnson High School,Florida,Public,Elementary,18820.76,44.9,12.0,44.9,30.3,52.5,11.29
826,Perry Middle School,Georgia,Public,High,15399.8,66.0,18.0,11.7,85.3,55.8,11.24
827,Spears High School,California,Private,High,20844.2,94.8,12.7,65.4,53.8,83.7,1.58
828,Beltran Middle School,Ohio,Public,Middle,17323.96,88.6,14.3,32.1,64.4,83.3,0.94
829,Turner Middle School,New York,Charter,High,6507.51,71.2,18.1,15.0,60.1,74.5,8.54
830,Levine High School,Pennsylvania,Private,Elementary,5182.94,70.5,26.2,25.8,69.3,65.5,14.12
831,Saunders High School,California,Public,Middle,18054.73,98.1,21.6,66.3,24.9,81.9,11.13
832,Proctor High School,Michigan,Charter,Elementary,17070.06,71.8,15.6,17.7,78.8,75.9,4.94
833,Kerr High School,Ohio,Charter,High,18410.36,52.2,25.6,63.4,66.1,76.5,12.78
834,Williamson Middle School,California,Public,Middle,20255.19,47.2,24.0,41.0,43.1,75.9,7.94
835,Medina Elementary School,Pennsylvania,Public,Elementary,6038.48,47.4,17.1,77.8,64.7,75.1,9.29
836,Barajas Elementary School,Texas,Private,Elementary,13203.13,71.9,28.7,58.4,11.5,55.4,12.24
837,Reynolds High School,Michigan,Charter,Middle,9151.9,89.0,17.4,68.9,86.5,58.1,4.79
838,Collins Elementary School,New York,Private,Middle,23248.31,75.2,25.8,94.9,73.9,65.2,6.15
839,Sherman Middle School,Georgia,Charter,High,10382.46,55.9,28.8,32.8,82.2,96.4,10.14
840,Morgan High School,North Carolina,Public,Elementary,13427.71,79.6,26.4,63.6,16.8,52.4,7.65
841,Patton Elementary School,Ohio,Charter,Elementary,21123.49,54.7,20.5,31.9,57.9,54.2,8.67
842,Combs Elementary School,California,Public,Elementary,12236.77,41.5,13.9,79.6,57.7,84.3,1.66
843,Yang Middle School,Florida,Charter,High,5628.65,81.1,21.8,26.5,53.2,52.5,13.45
844,Campbell Elementary School,Pennsylvania,Public,Elementary,19360.48,61.6,23.2,11.1,60.8,95.3,5.54
845,Baxter Elementary School,Texas,Public,Elementary,12502.42,80.4,27.9,64.6,71.3,67.7,2.53
846,Manning High School,California,Public,Middle,11117.09,77.7,12.4,79.3,10.7,88.5,3.54
847,Evans Middle School,Pennsylvania,Public,Elementary,7815.52,46.6,15.6,65.5,46.9,96.9,4.38
848,Green Elementary School,Michigan,Public,Middle,6321.66,50.2,11.1,66.3,19.3,77.2,5.63
849,Ford Elementary School,California,Public,Elementary,24000.27,57.3,28.0,20.4,58.4,98.1,5.45
850,Greene Middle School,New York,Charter,Middle,17863.23,89.8,28.5,92.9,81.2,84.8,14.43
851,Hardin High School,Florida,Public,Elementary,12750.15,81.6,28.0,92.9,25.6,71.4,11.39
852,Zimmerman Middle School,New York,Private,Middle,20593.34,96.8,15.8,37.2,22.2,73.2,5.81
853,Brooks High School,Texas,Charter,Middle,7349.01,56.3,22.0,81.7,17.9,61.5,2.54
854,Gutierrez Elementary School,Pennsylvania,Charter,Middle,19922.05,63.8,18.6,69.8,65.1,50.8,7.39
855,Gonzalez High School,Illinois,Charter,Elementary,20346.75,66.1,23.7,28.5,54.8,76.1,7.6
856,Green Middle School,Ohio,Public,Middle,11147.97,48.9,28.2,22.2,47.9,96.7,13.84
857,Lin Elementary School,Ohio,Private,Elementary,7505.28,61.2,23.5,74.4,90.7,65.3,7.19
858,Glass Middle School,Texas,Private,High,9729.22,96.8,27.0,34.9,60.7,58.4,10.91
859,Smith High School,Michigan,Private,High,13447.18,52.7,24.6,81.8,75.1,54.3,7.23
860,Bell Middle School,Illinois,Charter,Middle,9377.88,98.7,18.6,64.3,7.5,56.6,3.21
861,Simon Elementary School,Ohio,Public,High,21710.98,93.2,16.8,86.6,33.4,73.2,14.5
862,Parker High School,North Carolina,Private,High,15871.92,76.3,22.6,41.0,41.5,91.9,10.31
863,Griffin Middle School,Texas,Charter,Middle,9859.65,84.5,13.0,22.7,52.5,77.2,0.68
864,Hughes Elementary School,Michigan,Private,High,7493.49,81.1,21.2,62.7,17.8,76.2,4.04
865,Brock Middle School,Illinois,Public,Middle,7053.01,43.3,17.6,18.4,42.5,86.7,3.39
866,Martin Elementary School,Pennsylvania,Private,Middle,5145.76,94.3,19.7,48.3,68.2,60.8,11.2
867,Casey Middle School,Illinois,Public,High,14079.89,89.1,22.4,84.9,66.2,92.3,3.72
868,Acevedo Elementary School,Texas,Public,Middle,21953.97,73.5,20.8,62.2,18.0,68.4,5.83
869,Goodwin Elementary School,Ohio,Public,Middle,5409.79,43.2,12.4,82.5,36.6,58.2,7.95
870,Torres Middle School,Texas,Public,High,9310.7,43.1,22.5,64.7,7.5,55.4,11.89
871,Foster Middle School,Texas,Private,Middle,6262.58,47.4,13.4,56.3,66.9,81.2,5.99
872,King High School,Michigan,Private,Elementary,10171.44,56.0,10.3,39.2,24.3,92.5,14.85
873,Allen High School,Pennsylvania,Charter,Middle,15261.23,100.0,27.6,81.8,66.5,98.4,11.92
874,Patrick Middle School,Illinois,Private,Elementary,21126.13,53.2,10.5,45.9,85.7,91.3,5.39
875,Russell High School,Florida,Charter,Middle,17607.74,64.8,14.3,50.4,85.6,60.2,3.06
876,Jones Elementary School,North Carolina,Private,Middle,24763.37,49.9,12.0,82.2,29.7,55.2,1.6
877,Dennis Middle School,Ohio,Charter,Middle,9293.89,47.7,17.5,42.1,84.1,50.6,5.3
878,Cooper Elementary School,California,Public,High,13869.84,70.6,27.6,31.4,67.0,80.9,12.61
879,Ramos Middle School,Texas,Charter,Middle,15504.27,58.2,27.0,66.1,72.9,77.0,7.66
880,Melendez Middle School,Pennsylvania,Public,High,18768.56,86.6,10.9,78.8,8.6,92.7,5.42
881,Smith High School,Ohio,Private,High,5311.0,53.5,27.6,56.8,46.2,63.0,14.93
882,Mckay Elementary School,Pennsylvania,Public,Elementary,20275.54,45.4,15.0,40.4,30.0,61.3,9.76
883,Lane Elementary School,Illinois,Charter,Middle,18930.9,61.1,15.3,79.2,69.1,96.6,10.95
884,Jacobs Elementary School,Florida,Public,High,16799.38,68.9,11.8,65.1,85.4,60.5,4.24
885,Vazquez Elementary School,Florida,Private,Elementary,24569.3,91.9,21.5,40.9,5.3,65.4,0.84
886,Nichols Middle School,North Carolina,Charter,Elementary,10307.57,85.0,21.5,49.8,82.8,65.2,6.62
887,Hill High School,Pennsylvania,Private,Elementary,11102.97,54.1,15.9,21.9,69.9,89.3,4.88
888,Hill Elementary School,New York,Public,Middle,6779.95,49.4,13.1,53.3,6.7,88.3,7.57
889,Vasquez Middle School,California,Public,Elementary,21735.99,52.5,27.5,45.8,90.1,96.1,0.78
890,Wright High School,New York,Charter,High,11241.62,47.5,17.0,11.4,30.8,53.6,7.96
891,Goodwin Middle School,Georgia,Charter,Elementary,21005.39,92.4,27.7,83.8,40.2,77.2,2.25
892,Downs Middle School,Pennsylvania,Public,High,17392.29,84.1,24.0,18.0,8.6,97.7,12.93
893,Sanchez High School,California,Private,Middle,9212.64,83.8,12.8,64.0,60.5,78.7,4.11
894,Edwards Middle School,Michigan,Charter,High,8253.69,89.3,10.3,10.9,91.5,68.8,4.57
895,Brown Middle School,Illinois,Private,Elementary,14768.73,91.3,11.2,36.0,15.0,94.3,7.55
896,Shelton High School,New York,Charter,Elementary,10424.44,73.6,26.3,43.9,76.0,70.8,8.22
897,Thompson High School,Texas,Charter,Elementary,9221.91,91.7,14.4,21.2,56.7,54.3,12.52
898,Klein High School,Texas,Private,Middle,6485.08,74.7,18.9,79.2,23.4,69.5,1.12
899,Martin High School,Pennsylvania,Private,High,6122.9,91.4,16.8,28.0,70.9,77.7,7.64
900,Martin Elementary School,Ohio,Private,High,23421.96,93.1,22.0,65.0,54.3,83.0,2.99
901,Hart High School,Georgia,Charter,Middle,20289.75,76.5,15.5,59.3,39.6,90.6,13.24
902,Walker Middle School,Illinois,Public,Middle,12136.25,92.4,21.2,39.2,85.9,60.0,3.66
903,Martin Elementary School,Ohio,Charter,High,9360.59,42.4,18.9,40.8,68.7,64.3,9.07
904,Andrews Middle School,Florida,Public,Middle,18697.17,66.8,10.5,27.9,91.4,95.5,11.33
905,Rice Middle School,Michigan,Charter,High,12300.19,91.8,15.3,53.7,60.1,56.0,10.08
906,Garcia Elementary School,North Carolina,Public,Elementary,16047.92,40.4,25.1,92.9,31.6,78.0,5.33
907,Dunn High School,Michigan,Private,Elementary,23670.41,67.4,11.7,29.0,40.5,60.3,3.42
908,Mueller High School,New York,Private,Elementary,23171.27,52.1,13.2,43.8,19.6,85.7,5.57
909,Miller Elementary School,Illinois,Charter,Middle,11008.01,90.2,17.9,28.6,18.9,68.5,5.27
910,Jarvis Middle School,North Carolina,Private,Middle,15577.66,59.2,27.9,68.8,48.0,76.5,2.59
911,Jackson Elementary School,Illinois,Public,Middle,9524.96,75.4,11.0,83.9,94.7,60.8,12.53
912,Farley Middle School,Texas,Charter,High,15227.4,89.8,14.5,65.6,32.7,51.3,2.97
913,Chen High School,Ohio,Public,Elementary,24487.67,56.9,11.5,40.2,26.7,97.5,8.73
914,Snyder Elementary School,Michigan,Charter,Middle,16149.46,68.6,26.6,46.6,11.8,85.6,5.11
915,Young Elementary School,Pennsylvania,Public,Middle,14987.76,58.6,11.4,43.7,69.1,72.8,6.11
916,Deleon High School,Texas,Public,High,8502.16,58.1,15.0,38.7,72.8,65.8,9.0
917,Reese Middle School,Georgia,Private,Elementary,6110.34,41.0,11.3,26.4,32.2,60.9,8.95
918,Nguyen Elementary School,Ohio,Private,Elementary,21551.26,87.4,13.7,19.9,75.7,51.0,13.03
919,Kline Elementary School,Florida,Public,Elementary,23806.61,52.6,25.2,56.3,42.1,87.9,13.27
920,Sanchez Middle School,California,Charter,Middle,16633.12,77.5,28.1,58.1,57.9,99.2,14.45
921,Kelley High School,New York,Private,High,11798.04,48.2,17.5,48.9,38.7,64.5,2.28
922,Briggs Middle School,California,Private,High,6927.49,43.8,29.7,48.3,17.7,82.7,5.84
923,Daniels High School,Georgia,Private,Middle,16080.69,75.1,14.3,66.1,81.4,51.6,4.22
924,Rice Middle School,Ohio,Public,High,24366.72,88.7,15.5,23.7,52.6,91.2,4.27
925,Whitaker Elementary School,Florida,Private,Elementary,7629.57,76.0,15.8,60.7,73.8,98.1,2.73
926,Garza Middle School,Texas,Private,Elementary,12901.02,72.3,15.3,59.2,16.7,50.1,14.86
927,Cook High School,Michigan,Public,High,16569.84,42.2,11.4,71.9,53.9,50.2,2.45
928,Ward Elementary School,North Carolina,Private,High,17018.49,44.1,15.5,55.5,91.8,88.1,8.76
929,Thomas Middle School,Ohio,Private,High,19992.39,77.3,16.4,79.9,82.7,50.9,10.92
930,Fox Middle School,California,Public,High,10149.31,93.9,15.0,18.7,65.5,61.0,14.96
931,Blackwell Middle School,Illinois,Charter,High,5964.16,79.4,26.5,28.3,11.5,69.5,9.04
932,Williams High School,New York,Private,Middle,18840.33,77.8,17.6,16.4,51.0,63.1,10.73
933,Hunter Elementary School,New York,Charter,High,8740.17,86.8,28.2,68.0,42.5,91.7,12.75
934,Taylor Elementary School,California,Public,High,19537.49,84.9,11.8,51.2,36.4,90.0,12.31
935,Middleton High School,Pennsylvania,Private,Elementary,15051.48,44.0,16.0,87.5,12.6,80.5,9.02
936,Boyd Elementary School,Michigan,Public,Middle,16280.13,40.7,12.2,93.8,88.1,74.4,5.54
937,Griffin High School,Florida,Private,Middle,21788.53,72.7,10.8,89.5,8.0,64.3,14.75
938,Barnett High School,Florida,Charter,Elementary,18401.05,79.2,18.5,46.9,41.9,86.5,0.5
939,Fuller High School,Florida,Charter,Middle,7323.13,59.4,12.7,74.5,72.5,52.6,1.96
940,Hudson Middle School,Pennsylvania,Private,Elementary,20102.49,99.9,16.1,27.0,37.4,79.2,8.78
941,Chase Middle School,New York,Charter,Middle,19276.61,60.8,11.0,39.2,46.2,88.2,3.0
942,Jackson Elementary School,Texas,Charter,High,20835.75,74.6,19.3,69.5,32.4,58.6,4.77
943,Baker Middle School,North Carolina,Charter,High,8864.83,59.6,17.1,30.4,47.6,64.8,14.43
944,Freeman Elementary School,Ohio,Private,High,11292.73,46.6,20.0,49.5,31.5,63.3,2.37
945,Ashley Elementary School,California,Charter,Elementary,18816.21,89.0,16.2,46.4,29.3,72.1,13.27
946,Johnson Middle School,New York,Public,Elementary,15922.25,88.0,16.9,55.5,7.4,94.5,3.33
947,Burns Elementary School,Texas,Private,High,17230.94,92.3,12.0,69.3,35.5,92.1,11.83
948,Ruiz High School,Illinois,Charter,Middle,19174.77,67.6,11.7,76.2,29.9,78.5,14.54
949,Johnson High School,Florida,Public,Elementary,12324.46,83.7,10.6,59.6,75.3,68.2,13.76
950,Evans High School,Illinois,Public,High,10223.65,81.0,14.3,87.2,68.3,54.3,8.19
951,Henderson Elementary School,Ohio,Private,Middle,17219.41,88.4,27.0,31.3,78.4,63.2,5.78
952,Thompson High School,North Carolina,Charter,High,9966.62,100.0,19.0,71.6,61.6,83.0,8.78
953,Williams High School,Florida,Public,Middle,13896.1,93.5,13.1,48.1,72.4,68.3,3.76
954,Fleming Elementary School,Texas,Public,Middle,20653.17,87.3,18.6,65.7,25.0,65.5,14.99
955,Wilcox High School,California,Public,Middle,23652.5,42.2,18.1,48.6,33.2,91.4,14.44
956,Lopez Middle School,Pennsylvania,Public,Elementary,22037.91,87.9,29.7,64.2,41.4,81.7,3.51
957,Odonnell Elementary School,Texas,Charter,Elementary,24905.29,47.5,29.0,46.8,34.3,96.3,5.58
958,Steele Elementary School,Texas,Charter,Middle,5938.2,58.6,18.0,43.3,76.8,92.2,5.42
959,Sanchez Elementary School,Florida,Private,Elementary,17574.9,94.5,13.9,74.6,71.5,67.1,7.69
960,Fowler High School,North Carolina,Public,Elementary,10657.23,62.4,17.8,30.8,10.8,81.7,5.15
961,Wolf Elementary School,Michigan,Public,Elementary,23162.29,95.2,22.6,80.6,36.5,88.5,1.64
962,Patel Elementary School,Georgia,Charter,High,20744.05,50.0,11.7,80.1,13.3,74.4,7.03
963,Obrien Elementary School,New York,Public,Elementary,23370.98,85.6,16.2,64.3,90.5,84.3,3.74
964,Cunningham High School,Georgia,Private,High,15405.36,99.9,14.3,83.9,41.6,93.9,14.34
965,Hernandez High School,New York,Charter,Middle,17893.28,76.2,24.2,29.2,66.5,82.2,1.4
966,Brown Elementary School,California,Public,High,21381.93,88.1,14.6,61.7,35.4,92.1,2.97
967,Burns Elementary School,Florida,Charter,Elementary,5618.49,66.8,18.4,69.8,30.2,88.5,4.37
968,Graham High School,Ohio,Public,High,6988.88,64.8,18.3,13.6,59.3,59.6,0.71
969,Fisher Middle School,Michigan,Private,Middle,8091.47,59.5,21.1,77.7,55.1,59.3,11.04
970,Castro High School,Ohio,Charter,Middle,5955.35,94.2,24.6,20.5,70.5,98.6,5.92
971,Burton Middle School,Texas,Private,Elementary,5473.56,93.7,12.2,92.8,81.9,88.0,11.82
972,Flores High School,Ohio,Public,Middle,19512.19,41.6,18.2,28.6,59.6,98.6,4.25
973,Hensley Middle School,Florida,Public,Elementary,13311.58,95.9,15.2,29.7,12.8,94.9,7.88
974,Warner Middle School,Pennsylvania,Private,Elementary,20784.6,79.4,21.7,27.6,64.4,65.6,14.84
975,Armstrong High School,Ohio,Private,High,23530.06,99.1,11.8,74.6,14.3,62.1,1.72
976,Campos Middle School,North Carolina,Charter,Elementary,24955.96,91.7,19.4,30.7,9.3,53.7,5.25
977,Williamson Elementary School,North Carolina,Charter,Middle,8214.13,64.6,12.0,37.3,82.0,78.8,7.74
978,Lewis Middle School,Illinois,Public,High,15368.29,88.8,21.9,59.6,80.3,99.7,4.91
979,Wallace Middle School,Florida,Charter,Middle,12663.93,43.0,22.1,39.1,50.8,54.8,1.53
980,Carr Middle School,Georgia,Private,Elementary,18270.33,98.0,26.4,86.5,65.2,89.7,8.07
981,Love High School,Pennsylvania,Charter,Elementary,8897.71,66.8,29.8,77.3,34.9,71.9,10.57
982,Harrington Elementary School,Illinois,Charter,High,10501.83,56.6,28.3,50.1,71.7,55.6,10.88
983,Fisher Elementary School,Texas,Public,Elementary,21767.23,79.3,17.1,61.8,7.3,52.4,9.68
984,Sloan Elementary School,New York,Charter,High,24978.15,87.8,16.9,83.9,88.2,99.8,10.71
985,Jones High School,Ohio,Public,Middle,12826.59,88.3,15.6,71.4,71.5,54.1,14.19
986,Guerra Elementary School,Pennsylvania,Private,Elementary,7391.47,92.8,18.7,25.1,17.2,73.9,3.38
987,Ramirez High School,Texas,Private,High,18936.17,89.5,19.4,25.7,22.4,61.4,9.96
988,Garrison High School,Ohio,Private,Elementary,22322.2,65.6,29.8,48.5,40.1,72.1,1.19
989,Salas High School,California,Public,High,11249.38,46.8,28.1,60.8,47.5,60.5,5.7
990,Martinez Middle School,Pennsylvania,Public,Middle,18776.09,69.6,25.5,39.4,89.7,50.9,9.39
991,Lewis Elementary School,Michigan,Charter,Middle,24981.81,54.9,22.3,66.7,92.4,76.9,12.13
992,Ortiz Elementary School,Illinois,Charter,Middle,10336.9,77.1,24.2,52.0,84.6,68.3,8.79
993,Rodriguez High School,Georgia,Private,Elementary,23066.08,92.0,21.1,86.8,52.0,73.3,7.98
994,Ray Middle School,Illinois,Charter,Elementary,19133.75,65.9,17.6,44.0,7.0,89.0,11.72
995,Wright Elementary School,Ohio,Public,Middle,7529.05,48.3,25.5,70.0,33.7,62.7,6.05
996,Hale High School,Ohio,Charter,Elementary,8775.63,51.9,18.3,12.9,61.0,50.5,10.03
997,Herrera Elementary School,Georgia,Public,High,24440.93,61.1,19.2,24.8,49.1,89.3,3.11
998,Combs High School,New York,Private,Middle,23947.18,94.2,25.2,16.7,51.1,55.8,7.14
999,Buckley Elementary School,Illinois,Private,Elementary,6459.87,57.0,17.0,73.6,48.4,64.0,1.21
1000,Berg Elementary School,Illinois,Private,Elementary,15471.48,51.6,10.9,31.1,83.9,94.2,1.53
